date,tag,oyster_no,treatment,Predicted_Volume_Poly
20250626,13,oyster1,Immune PolyIC,10497.876301623326
20250626,13,oyster2,Immune PolyIC,10226.60204249749
20250626,13,oyster3,Immune PolyIC,10772.391784126576
20250626,13,oyster4,Immune PolyIC,14297.48171102942
20250626,13,oyster5,Immune PolyIC,6835.770507729219
20250626,13,oyster6,Immune PolyIC,8242.246372814154
20250626,13,oyster7,Immune PolyIC,12397.281702671618
20250626,13,oyster8,Immune PolyIC,13572.479577043163
20250626,13,oyster9,Immune PolyIC,20063.679147735707
20250626,13,oyster10,Immune PolyIC,14109.655134995272
20250626,13,oyster11,Immune PolyIC,11965.44895420558
20250626,13,oyster12,Immune PolyIC,6517.348468281385
20250626,13,oyster13,Immune PolyIC,15500.402801757169
20250626,13,oyster14,Immune PolyIC,13277.433238983558
20250626,13,oyster15,Immune PolyIC,17188.97859948358
20250626,13,oyster16,Immune PolyIC,15086.590699997916
20250626,13,oyster17,Immune PolyIC,13913.139901017563
20250626,13,oyster18,Immune PolyIC,15173.47136316113
20250626,13,oyster19,Immune PolyIC,18085.220740361758
20250626,13,oyster20,Immune PolyIC,18143.996274741556
20250626,13,oyster21,Immune PolyIC,14981.699815767708
20250626,13,oyster22,Immune PolyIC,13267.9080687952
20250626,13,oyster23,Immune PolyIC,19387.847464120907
20250626,13,oyster24,Immune PolyIC,15788.935997758319
20250626,13,oyster25,Immune PolyIC,18178.272929443436
20250626,13,oyster26,Immune PolyIC,17618.825804586737
20250626,13,oyster27,Immune PolyIC,12512.5335674149
20250626,13,oyster28,Immune PolyIC,14650.250705601964
20250626,13,oyster29,Immune PolyIC,11485.21610372661
20250626,13,oyster30,Immune PolyIC,19928.88169080958
20250626,13,oyster31,Immune PolyIC,18806.596261665316
20250626,13,oyster32,Immune PolyIC,14194.95907013924
20250626,13,oyster33,Immune PolyIC,21358.24755583872
20250626,13,oyster34,Immune PolyIC,16128.331528952207
20250626,13,oyster35,Immune PolyIC,16936.55224459083
20250626,13,oyster36,Immune PolyIC,17258.002764500136
20250626,13,oyster37,Immune PolyIC,19938.831693788037
20250626,13,oyster38,Immune PolyIC,14869.04958279166
20250626,13,oyster39,Immune PolyIC,16246.96083554548
20250626,13,oyster40,Immune PolyIC,16217.087926912738
20250626,13,oyster41,Immune PolyIC,17660.62346912468
20250626,13,oyster42,Immune PolyIC,19503.856522560163
20250626,13,oyster43,Immune PolyIC,20877.89329671816
20250626,13,oyster44,Immune PolyIC,13460.889074184819
20250626,13,oyster45,Immune PolyIC,7266.370627243659
20250626,13,oyster46,Immune PolyIC,21802.84504349249
20250626,13,oyster47,Immune PolyIC,16219.749150545716
20250626,13,oyster48,Immune PolyIC,20439.576749574233
20250626,13,oyster49,Immune PolyIC,16809.744512648533
20250626,13,oyster50,Immune PolyIC,20567.057548969053
20250626,13,oyster51,Immune PolyIC,18272.353671951092
20250626,13,oyster52,Immune PolyIC,16843.936085693473
20250626,13,oyster53,Immune PolyIC,19737.340240937985
20250626,13,oyster54,Immune PolyIC,17229.666418284716
20250626,13,oyster55,Immune PolyIC,18735.941032241746
20250626,13,oyster56,Immune PolyIC,21471.166135855237
20250626,13,oyster57,Immune PolyIC,16992.568191948827
20250626,13,oyster58,Immune PolyIC,18995.642863734458
20250626,13,oyster59,Immune PolyIC,20801.856712461624
20250626,13,oyster60,Immune PolyIC,19486.822236580418
20250626,13,oyster61,Immune PolyIC,19315.97772401369
20250626,13,oyster62,Immune PolyIC,20566.62561209443
20250626,13,oyster63,Immune PolyIC,20387.279139558603
20250626,13,oyster64,Immune PolyIC,20970.32596535367
20250626,13,oyster65,Immune PolyIC,17342.46434339624
20250626,13,oyster66,Immune PolyIC,19396.424955401326
20250626,13,oyster67,Immune PolyIC,18097.847454350194
20250626,13,oyster68,Immune PolyIC,22179.211798185675
20250626,13,oyster69,Immune PolyIC,23426.612830949874
20250626,13,oyster70,Immune PolyIC,6517.948118252593
20250626,13,oyster71,Immune PolyIC,23467.393642570278
20250626,13,oyster72,Immune PolyIC,11838.908096138446
20250626,13,oyster73,Immune PolyIC,20048.750704012822
20250626,13,oyster74,Immune PolyIC,22219.797351167756
20250626,13,oyster75,Immune PolyIC,22677.86800293721
20250626,13,oyster76,Immune PolyIC,22247.803794102052
20250626,13,oyster77,Immune PolyIC,19251.796551157786
20250626,13,oyster78,Immune PolyIC,22133.56584565922
20250626,13,oyster79,Immune PolyIC,18456.89962156844
20250626,13,oyster80,Immune PolyIC,22490.45596660032
20250626,13,oyster81,Immune PolyIC,21426.692800040146
20250626,13,oyster82,Immune PolyIC,22150.070806116266
20250626,13,oyster83,Immune PolyIC,23756.39757746856
20250626,13,oyster84,Immune PolyIC,22361.63473978457
20250626,13,oyster85,Immune PolyIC,21084.276591081398
20250626,13,oyster86,Immune PolyIC,24433.600346130075
20250626,13,oyster87,Immune PolyIC,18844.994114533547
20250626,13,oyster88,Immune PolyIC,22069.25964220207
20250626,13,oyster89,Immune PolyIC,25133.720615043218
20250626,13,oyster90,Immune PolyIC,22043.602422691794
20250626,13,oyster91,Immune PolyIC,21060.778847806665
20250626,13,oyster92,Immune PolyIC,16972.11441645148
20250626,13,oyster93,Immune PolyIC,21672.866594490584
20250626,13,oyster94,Immune PolyIC,23422.56267726374
20250626,13,oyster95,Immune PolyIC,24277.563902844802
20250626,13,oyster96,Immune PolyIC,22611.220518883576
20250626,13,oyster97,Immune PolyIC,23255.61025483607
20250626,13,oyster98,Immune PolyIC,22360.26899217647
20250626,13,oyster99,Immune PolyIC,24505.821707711002
20250626,13,oyster100,Immune PolyIC,21349.195739339968
20250626,13,oyster101,Immune PolyIC,19019.78201510325
20250626,13,oyster102,Immune PolyIC,23247.75803821317
20250626,13,oyster103,Immune PolyIC,20061.69012491668
20250626,13,oyster104,Immune PolyIC,25589.199155158014
20250626,13,oyster105,Immune PolyIC,22871.940658342053
20250626,13,oyster106,Immune PolyIC,26376.94484343267
20250626,13,oyster107,Immune PolyIC,20461.131558956287
20250626,13,oyster108,Immune PolyIC,27237.25877769103
20250626,13,oyster109,Immune PolyIC,22140.189071719775
20250626,13,oyster110,Immune PolyIC,20535.008990443475
20250626,13,oyster111,Immune PolyIC,24849.68566944296
20250626,13,oyster112,Immune PolyIC,17976.53535449262
20250626,13,oyster113,Immune PolyIC,25678.43940620396
20250626,13,oyster114,Immune PolyIC,22523.113929799598
20250626,13,oyster115,Immune PolyIC,25867.157184467287
20250626,13,oyster116,Immune PolyIC,22655.739637017676
20250626,13,oyster117,Immune PolyIC,21574.480427258324
20250626,13,oyster118,Immune PolyIC,22533.263540049447
20250626,13,oyster119,Immune PolyIC,20219.105320732862
20250626,13,oyster120,Immune PolyIC,24383.27837086191
20250626,13,oyster121,Immune PolyIC,25912.95590414597
20250626,13,oyster122,Immune PolyIC,26798.252069717222
20250626,13,oyster123,Immune PolyIC,26684.47533273615
20250626,13,oyster124,Immune PolyIC,25496.335224588234
20250626,14,oyster1,Control,6020.618598887191
20250626,14,oyster2,Control,7427.660299749436
20250626,14,oyster4,Control,8545.555052234802
20250626,14,oyster5,Control,14473.5568433396
20250626,14,oyster6,Control,19692.764134843288
20250626,14,oyster7,Control,15221.233688289602
20250626,14,oyster8,Control,14693.017669295747
20250626,14,oyster9,Control,12006.849825583988
20250626,14,oyster10,Control,15516.412751920263
20250626,14,oyster11,Control,16229.179319305957
20250626,14,oyster12,Control,14156.199079573224
20250626,14,oyster13,Control,9586.808419656832
20250626,14,oyster14,Control,13558.244623256252
20250626,14,oyster15,Control,11122.667172446098
20250626,14,oyster16,Control,14495.998696562616
20250626,14,oyster17,Control,11472.373195044012
20250626,14,oyster18,Control,18117.805610070143
20250626,14,oyster19,Control,16158.16851023008
20250626,14,oyster20,Control,15156.28064258714
20250626,14,oyster21,Control,17534.062469315802
20250626,14,oyster22,Control,12848.162074721069
20250626,14,oyster23,Control,15883.306040436382
20250626,14,oyster24,Control,16105.189135782583
20250626,14,oyster25,Control,11341.501980845938
20250626,14,oyster26,Control,16236.033046068154
20250626,14,oyster27,Control,13637.47732506196
20250626,14,oyster28,Control,13546.894406831278
20250626,14,oyster29,Control,12878.207119620383
20250626,14,oyster30,Control,16617.97982046367
20250626,14,oyster31,Control,14465.217274648508
20250626,14,oyster32,Control,17083.071898261904
20250626,14,oyster33,Control,14997.821213799623
20250626,14,oyster34,Control,12862.95316250364
20250626,14,oyster35,Control,11519.498467660882
20250626,14,oyster36,Control,19334.23281702208
20250626,14,oyster37,Control,18625.568405339734
20250626,14,oyster38,Control,19055.729815140567
20250626,14,oyster39,Control,18489.555186225614
20250626,14,oyster40,Control,18786.517451188112
20250626,14,oyster41,Control,19121.66599215388
20250626,14,oyster42,Control,12155.013015501441
20250626,14,oyster43,Control,16693.723821229283
20250626,14,oyster44,Control,19577.679841576875
20250626,14,oyster45,Control,16736.38589711924
20250626,14,oyster46,Control,19551.542221421765
20250626,14,oyster47,Control,15652.115549874014
20250626,14,oyster48,Control,18647.650851088816
20250626,14,oyster49,Control,18162.38331373327
20250626,14,oyster50,Control,12109.349560776138
20250626,14,oyster51,Control,17009.07637182442
20250626,14,oyster52,Control,19325.43326452854
20250626,14,oyster53,Control,4674.63133517199
20250626,14,oyster54,Control,20986.147846058582
20250626,14,oyster55,Control,16233.4245964698
20250626,14,oyster56,Control,19385.994633956023
20250626,14,oyster57,Control,19387.40979539298
20250626,14,oyster58,Control,17226.04801758012
20250626,14,oyster59,Control,19042.34274738881
20250626,14,oyster60,Control,18502.773469259282
20250626,14,oyster61,Control,12384.971508453818
20250626,14,oyster62,Control,17384.24780332988
20250626,14,oyster63,Control,24651.10834345033
20250626,14,oyster64,Control,21405.96311843042
20250626,14,oyster65,Control,21046.940929021377
20250626,14,oyster66,Control,23893.59857667825
20250626,14,oyster67,Control,21351.14033140926
20250626,14,oyster68,Control,19679.813801028627
20250626,14,oyster69,Control,21167.508295426924
20250626,14,oyster70,Control,18538.55823470819
20250626,14,oyster71,Control,19754.46022272348
20250626,14,oyster72,Control,17916.242614585997
20250626,14,oyster73,Control,25628.71391485621
20250626,14,oyster74,Control,21341.7665039033
20250626,14,oyster75,Control,16014.85476738533
20250626,14,oyster76,Control,20949.105224625036
20250626,14,oyster77,Control,20124.343969053065
20250626,14,oyster78,Control,23734.94969499424
20250626,14,oyster79,Control,20931.359409762634
20250626,14,oyster80,Control,21285.713907119803
20250626,14,oyster81,Control,19327.058824989967
20250626,14,oyster82,Control,21792.782070247154
20250626,14,oyster83,Control,22588.58946568567
20250626,14,oyster84,Control,21818.687081480675
20250626,14,oyster85,Control,21865.889730184605
20250626,14,oyster86,Control,16125.384319010389
20250626,14,oyster87,Control,25882.395600786316
20250626,14,oyster88,Control,22740.071715059246
20250626,14,oyster89,Control,22408.210171231516
20250626,14,oyster90,Control,24273.433867611497
20250626,14,oyster91,Control,22366.10110535539
20250626,14,oyster92,Control,23279.989014343362
20250626,14,oyster93,Control,22157.533379170764
20250626,14,oyster94,Control,24763.30465955199
20250626,14,oyster95,Control,23729.13210613642
20250626,14,oyster96,Control,20630.236873349157
20250626,14,oyster97,Control,21724.563144846717
20250626,14,oyster98,Control,23120.468352878248
20250626,14,oyster99,Control,22982.7140945486
20250626,14,oyster100,Control,23352.007304726314
20250626,14,oyster101,Control,17879.095388839276
20250626,14,oyster102,Control,23926.198715434177
20250626,14,oyster103,Control,23869.735935433633
20250626,14,oyster104,Control,26704.504246278244
20250626,14,oyster105,Control,24375.2934698872
20250626,14,oyster106,Control,26237.22938306615
20250626,14,oyster107,Control,22700.735700527424
20250626,14,oyster108,Control,26333.999933921146
20250626,14,oyster109,Control,22115.008598300155
20250626,14,oyster110,Control,22308.960272352422
20250626,14,oyster111,Control,26722.632150109872
20250626,14,oyster112,Control,23541.071642952676
20250626,15,oyster1,Control,10106.243888278877
20250626,15,oyster2,Control,7414.182988601906
20250626,15,oyster3,Control,6781.503626584807
20250626,15,oyster4,Control,6797.954007319147
20250626,15,oyster5,Control,9996.772713330602
20250626,15,oyster6,Control,15899.561321139023
20250626,15,oyster7,Control,11916.655091982782
20250626,15,oyster8,Control,10113.96298788024
20250626,15,oyster9,Control,13667.634639356442
20250626,15,oyster10,Control,8560.485104975342
20250626,15,oyster11,Control,14653.216743630035
20250626,15,oyster12,Control,12649.977366604497
20250626,15,oyster13,Control,20306.300825951133
20250626,15,oyster14,Control,14648.36022716179
20250626,15,oyster15,Control,18664.272094880325
20250626,15,oyster16,Control,12394.23774520031
20250626,15,oyster17,Control,15202.884520890602
20250626,15,oyster18,Control,12950.342000202301
20250626,15,oyster19,Control,16199.487580371031
20250626,15,oyster20,Control,13637.139810684577
20250626,15,oyster21,Control,12916.59737499165
20250626,15,oyster22,Control,11238.645579469598
20250626,15,oyster23,Control,11967.046395136185
20250626,15,oyster24,Control,14158.217573666268
20250626,15,oyster25,Control,11864.013030257232
20250626,15,oyster26,Control,13135.645965314572
20250626,15,oyster27,Control,13503.103522771004
20250626,15,oyster28,Control,15999.587927184632
20250626,15,oyster29,Control,13526.323136927931
20250626,15,oyster30,Control,16993.580610180776
20250626,15,oyster31,Control,14782.751856763793
20250626,15,oyster32,Control,15714.589875828904
20250626,15,oyster33,Control,14965.505643516422
20250626,15,oyster34,Control,14675.422402353834
20250626,15,oyster35,Control,15079.716630755647
20250626,15,oyster36,Control,6722.8316909674995
20250626,15,oyster37,Control,15710.603009439596
20250626,15,oyster38,Control,15549.018079192014
20250626,15,oyster39,Control,5244.288577162866
20250626,15,oyster40,Control,18358.33916630702
20250626,15,oyster41,Control,17233.054424315294
20250626,15,oyster42,Control,17081.61247676455
20250626,15,oyster43,Control,19574.341133242327
20250626,15,oyster44,Control,16375.002342134934
20250626,15,oyster45,Control,12333.90415071068
20250626,15,oyster46,Control,19076.320033187498
20250626,15,oyster47,Control,14176.601411450934
20250626,15,oyster48,Control,19042.377947682686
20250626,15,oyster49,Control,21213.26225248569
20250626,15,oyster50,Control,18425.561794707246
20250626,15,oyster51,Control,16954.393330212977
20250626,15,oyster52,Control,19635.938133527685
20250626,15,oyster53,Control,20192.40415954661
20250626,15,oyster54,Control,10873.47457430483
20250626,15,oyster55,Control,19169.416936815862
20250626,15,oyster56,Control,16770.31484126158
20250626,15,oyster57,Control,23039.002227035475
20250626,15,oyster58,Control,16411.598109228682
20250626,15,oyster59,Control,17796.194771705028
20250626,15,oyster60,Control,19516.753156837447
20250626,15,oyster61,Control,18815.12288633439
20250626,15,oyster62,Control,19028.512851463063
20250626,15,oyster63,Control,20826.318249329273
20250626,15,oyster64,Control,17533.44073031384
20250626,15,oyster65,Control,17956.771310786105
20250626,15,oyster66,Control,16628.579712107843
20250626,15,oyster67,Control,18978.46353458109
20250626,15,oyster68,Control,15629.896573227641
20250626,15,oyster69,Control,22023.365695699606
20250626,15,oyster70,Control,22561.27397241185
20250626,15,oyster71,Control,20136.301637379096
20250626,15,oyster72,Control,22899.07384640131
20250626,15,oyster73,Control,20189.10820969523
20250626,15,oyster74,Control,18444.609105334595
20250626,15,oyster75,Control,21942.218713284834
20250626,15,oyster76,Control,23129.49750357274
20250626,15,oyster77,Control,18923.27924896526
20250626,15,oyster78,Control,19017.892250633013
20250626,15,oyster79,Control,24247.34370223233
20250626,15,oyster80,Control,21136.46042073663
20250626,15,oyster81,Control,21060.778793617297
20250626,15,oyster82,Control,20466.44497211764
20250626,15,oyster83,Control,20066.35146843423
20250626,15,oyster84,Control,20057.56716931616
20250626,15,oyster85,Control,23361.79998230179
20250626,15,oyster86,Control,22467.381876513136
20250626,15,oyster87,Control,22296.660731299165
20250626,15,oyster88,Control,18145.756629789063
20250626,15,oyster89,Control,22983.301105047165
20250626,15,oyster90,Control,24494.360313918634
20250626,15,oyster91,Control,22368.35184842644
20250626,15,oyster92,Control,18489.60752066363
20250626,15,oyster93,Control,21064.277024461884
20250626,15,oyster94,Control,23693.68211851041
20250626,15,oyster95,Control,19364.445438371204
20250626,15,oyster96,Control,23096.04458879438
20250626,15,oyster97,Control,21716.723025381278
20250626,15,oyster98,Control,23972.541690017155
20250626,15,oyster99,Control,23203.661288020787
20250626,15,oyster100,Control,21923.000203865842
20250626,15,oyster101,Control,20138.48849867836
20250626,15,oyster102,Control,22023.786831044217
20250626,15,oyster103,Control,25172.312102439268
20250626,15,oyster104,Control,23822.87679111678
20250626,15,oyster105,Control,22945.54860485348
20250626,15,oyster106,Control,19992.34033775668
20250626,15,oyster107,Control,20030.418007329732
20250626,15,oyster108,Control,21981.097584026116
20250626,15,oyster109,Control,24380.785809851088
20250626,15,oyster110,Control,24769.691477418004
20250626,15,oyster111,Control,24260.16027551037
20250626,15,oyster112,Control,26302.21849296262
20250626,15,oyster113,Control,26105.893697988497
20250626,15,oyster114,Control,22408.73470097752
20250626,15,oyster115,Control,25338.169556875535
20250626,15,oyster116,Control,22352.136993037537
20250626,16,oyster1,Immune PolyIC,12025.502165930244
20250626,16,oyster2,Immune PolyIC,12695.362486782076
20250626,16,oyster3,Immune PolyIC,7180.701699854589
20250626,16,oyster4,Immune PolyIC,8466.347246831014
20250626,16,oyster5,Immune PolyIC,14631.611354865148
20250626,16,oyster6,Immune PolyIC,8965.954854790009
20250626,16,oyster7,Immune PolyIC,7295.2019606927
20250626,16,oyster8,Immune PolyIC,13487.746009417715
20250626,16,oyster9,Immune PolyIC,8231.734792299514
20250626,16,oyster10,Immune PolyIC,9229.537133477801
20250626,16,oyster11,Immune PolyIC,9267.678143622492
20250626,16,oyster12,Immune PolyIC,13590.690684844372
20250626,16,oyster13,Immune PolyIC,12259.34712099683
20250626,16,oyster14,Immune PolyIC,13284.60730042325
20250626,16,oyster15,Immune PolyIC,12990.541418593148
20250626,16,oyster16,Immune PolyIC,14195.251242271865
20250626,16,oyster17,Immune PolyIC,15890.912818795681
20250626,16,oyster18,Immune PolyIC,20081.341963214
20250626,16,oyster19,Immune PolyIC,9459.170509659834
20250626,16,oyster20,Immune PolyIC,9099.642532932708
20250626,16,oyster21,Immune PolyIC,12955.027092738164
20250626,16,oyster22,Immune PolyIC,20146.43235477572
20250626,16,oyster23,Immune PolyIC,11894.084859160157
20250626,16,oyster24,Immune PolyIC,7804.541569372258
20250626,16,oyster25,Immune PolyIC,15803.378896116174
20250626,16,oyster26,Immune PolyIC,11347.819239790584
20250626,16,oyster27,Immune PolyIC,11070.38704411345
20250626,16,oyster28,Immune PolyIC,13959.934174145259
20250626,16,oyster29,Immune PolyIC,16446.0454680375
20250626,16,oyster30,Immune PolyIC,16742.28245365289
20250626,16,oyster31,Immune PolyIC,14234.891051315939
20250626,16,oyster32,Immune PolyIC,7157.024821289408
20250626,16,oyster33,Immune PolyIC,17003.299032937495
20250626,16,oyster34,Immune PolyIC,14802.490335388056
20250626,16,oyster35,Immune PolyIC,15079.76980652269
20250626,16,oyster36,Immune PolyIC,12957.865421668756
20250626,16,oyster37,Immune PolyIC,14683.243442884399
20250626,16,oyster38,Immune PolyIC,15860.428639347687
20250626,16,oyster39,Immune PolyIC,13503.98671844137
20250626,16,oyster40,Immune PolyIC,16531.62047909171
20250626,16,oyster41,Immune PolyIC,13081.468728020805
20250626,16,oyster42,Immune PolyIC,15498.215357516154
20250626,16,oyster43,Immune PolyIC,17291.27614509433
20250626,16,oyster44,Immune PolyIC,15748.08381293797
20250626,16,oyster45,Immune PolyIC,15753.3992244431
20250626,16,oyster46,Immune PolyIC,17976.61747187905
20250626,16,oyster47,Immune PolyIC,17849.761816336562
20250626,16,oyster48,Immune PolyIC,17198.554079272864
20250626,16,oyster49,Immune PolyIC,19552.08511489415
20250626,16,oyster50,Immune PolyIC,15747.271213849417
20250626,16,oyster51,Immune PolyIC,15838.766545055485
20250626,16,oyster52,Immune PolyIC,13682.08128555875
20250626,16,oyster53,Immune PolyIC,16945.70066285123
20250626,16,oyster54,Immune PolyIC,18218.26619474385
20250626,16,oyster55,Immune PolyIC,19470.83302643597
20250626,16,oyster56,Immune PolyIC,18136.01051526601
20250626,16,oyster57,Immune PolyIC,20084.29776906791
20250626,16,oyster58,Immune PolyIC,14549.346417454493
20250626,16,oyster59,Immune PolyIC,15340.415163908157
20250626,16,oyster60,Immune PolyIC,4653.383732880598
20250626,16,oyster61,Immune PolyIC,19516.79726738405
20250626,16,oyster62,Immune PolyIC,21144.54500704171
20250626,16,oyster63,Immune PolyIC,8511.36766998261
20250626,16,oyster64,Immune PolyIC,19960.6141351756
20250626,16,oyster65,Immune PolyIC,18425.44564800408
20250626,16,oyster66,Immune PolyIC,15935.621414143436
20250626,16,oyster67,Immune PolyIC,21071.34253800116
20250626,16,oyster68,Immune PolyIC,17325.574554380684
20250626,16,oyster69,Immune PolyIC,17131.060745797196
20250626,16,oyster70,Immune PolyIC,17170.47685375363
20250626,16,oyster71,Immune PolyIC,16579.42776024867
20250626,16,oyster72,Immune PolyIC,21083.24004599788
20250626,16,oyster73,Immune PolyIC,22999.449002684007
20250626,16,oyster74,Immune PolyIC,17058.57340670267
20250626,16,oyster75,Immune PolyIC,19776.698429496508
20250626,16,oyster76,Immune PolyIC,24627.03385786804
20250626,16,oyster77,Immune PolyIC,22214.083173788793
20250626,16,oyster78,Immune PolyIC,20854.781699579653
20250626,16,oyster79,Immune PolyIC,20391.593574828898
20250626,16,oyster80,Immune PolyIC,21616.89367513785
20250626,16,oyster81,Immune PolyIC,20939.113551297785
20250626,16,oyster82,Immune PolyIC,25908.721853289044
20250626,16,oyster83,Immune PolyIC,23401.09902019539
20250626,16,oyster84,Immune PolyIC,23522.711947389995
20250626,16,oyster85,Immune PolyIC,21170.29211312792
20250626,16,oyster86,Immune PolyIC,20314.35475888387
20250626,16,oyster87,Immune PolyIC,22998.072092841467
20250626,16,oyster88,Immune PolyIC,21792.764795679323
20250626,16,oyster89,Immune PolyIC,19303.918648958483
20250626,16,oyster90,Immune PolyIC,21565.108955005642
20250626,16,oyster91,Immune PolyIC,26481.91151954787
20250626,16,oyster92,Immune PolyIC,22724.197285657345
20250626,16,oyster93,Immune PolyIC,22933.247087086955
20250626,16,oyster94,Immune PolyIC,20521.30431143884
20250626,16,oyster95,Immune PolyIC,23059.891227517564
20250626,16,oyster96,Immune PolyIC,21806.59014137972
20250626,16,oyster97,Immune PolyIC,19533.83228877965
20250626,16,oyster98,Immune PolyIC,20012.176097828917
20250626,16,oyster99,Immune PolyIC,21452.78473078197
20250626,16,oyster100,Immune PolyIC,21111.70948769779
20250626,16,oyster101,Immune PolyIC,19700.343323773413
20250626,16,oyster102,Immune PolyIC,24316.934243543157
20250626,16,oyster103,Immune PolyIC,23505.46266084326
20250626,16,oyster104,Immune PolyIC,13694.602347670496
20250626,16,oyster105,Immune PolyIC,20760.134048743097
20250626,16,oyster106,Immune PolyIC,26516.02555143707
20250626,16,oyster107,Immune PolyIC,23666.848089218674
20250626,16,oyster108,Immune PolyIC,21379.39895394838
20250626,16,oyster109,Immune PolyIC,21458.200795034765
20250626,16,oyster110,Immune PolyIC,18565.434788884802
20250626,16,oyster111,Immune PolyIC,24181.02258324072
20250626,16,oyster112,Immune PolyIC,25666.797632647893
20250626,16,oyster113,Immune PolyIC,24581.4230922358
20250626,16,oyster114,Immune PolyIC,14901.605080574715
20250626,16,oyster115,Immune PolyIC,19433.72433382115
20250626,16,oyster116,Immune PolyIC,25424.147115577984
20250626,16,oyster117,Immune PolyIC,18339.66200661255
20250626,16,oyster118,Immune PolyIC,24327.391974348116
20250626,16,oyster119,Immune PolyIC,25344.95825265222
20250626,16,oyster120,Immune PolyIC,23437.25439556155
20250626,16,oyster121,Immune PolyIC,26859.077462010107
20250626,16,oyster122,Immune PolyIC,26141.825976066233
20250626,16,oyster123,Immune PolyIC,25342.62696366076
20250626,16,oyster124,Immune PolyIC,26387.42403192617
20250626,16,oyster125,Immune PolyIC,25568.285212979525
20250626,17,oyster1,Control,7606.651429288122
20250626,17,oyster2,Control,7069.856359201611
20250626,17,oyster3,Control,10132.782193496452
20250626,17,oyster4,Control,6575.297877482408
20250626,17,oyster5,Control,13596.126891635267
20250626,17,oyster6,Control,9656.949838891223
20250626,17,oyster7,Control,9280.470073637118
20250626,17,oyster8,Control,12340.267803716175
20250626,17,oyster9,Control,10154.115521925924
20250626,17,oyster10,Control,8852.666672112882
20250626,17,oyster11,Control,9412.643225494383
20250626,17,oyster12,Control,7125.768035886819
20250626,17,oyster13,Control,11479.36142449251
20250626,17,oyster14,Control,12904.915732571157
20250626,17,oyster15,Control,12964.937890332483
20250626,17,oyster16,Control,8558.112203119088
20250626,17,oyster17,Control,8787.376945259937
20250626,17,oyster18,Control,14426.720665905823
20250626,17,oyster20,Control,10420.43459057245
20250626,17,oyster21,Control,9826.382763022368
20250626,17,oyster22,Control,19867.019485142795
20250626,17,oyster24,Control,14943.240193993142
20250626,17,oyster25,Control,12898.89329872237
20250626,17,oyster26,Control,16342.4694057413
20250626,17,oyster27,Control,7593.479950116634
20250626,17,oyster28,Control,12104.472800903091
20250626,17,oyster29,Control,13921.826897173647
20250626,17,oyster30,Control,15607.628771147247
20250626,17,oyster31,Control,15876.326373020915
20250626,17,oyster32,Control,13337.050829421674
20250626,17,oyster33,Control,10749.215155327116
20250626,17,oyster35,Control,13632.757355349988
20250626,17,oyster36,Control,15376.376898402239
20250626,17,oyster37,Control,20477.67001046784
20250626,17,oyster38,Control,15627.789128235212
20250626,17,oyster39,Control,20465.667140689773
20250626,17,oyster40,Control,17960.461425606467
20250626,17,oyster41,Control,19952.77802360028
20250626,17,oyster42,Control,16710.77967003612
20250626,17,oyster43,Control,15832.915143236838
20250626,17,oyster44,Control,16862.21832091137
20250626,17,oyster45,Control,16806.185234425506
20250626,17,oyster46,Control,18093.629201901567
20250626,17,oyster47,Control,16912.561313500635
20250626,17,oyster48,Control,18731.65141909083
20250626,17,oyster49,Control,10708.692034459125
20250626,17,oyster50,Control,1248.3412033555305
20250626,17,oyster51,Control,13388.777825372315
20250626,17,oyster52,Control,18474.130941064854
20250626,17,oyster53,Control,21532.040625282996
20250626,17,oyster54,Control,17559.36009974609
20250626,17,oyster55,Control,16030.754639832096
20250626,17,oyster56,Control,15671.606103207712
20250626,17,oyster57,Control,13167.656308088786
20250626,17,oyster58,Control,15800.123215107873
20250626,17,oyster59,Control,17269.370418206738
20250626,17,oyster60,Control,21293.982346419674
20250626,17,oyster61,Control,15620.211850767228
20250626,17,oyster62,Control,15752.370418538063
20250626,17,oyster63,Control,19069.795944783
20250626,17,oyster64,Control,18616.74136959048
20250626,17,oyster65,Control,14597.054949015317
20250626,17,oyster66,Control,14148.572646168937
20250626,17,oyster67,Control,18283.33039786556
20250626,17,oyster68,Control,18542.195629338647
20250626,17,oyster69,Control,17361.536622163512
20250626,17,oyster70,Control,20853.257048567033
20250626,17,oyster71,Control,18438.686966036898
20250626,17,oyster72,Control,19123.760184014925
20250626,17,oyster73,Control,13958.934680152975
20250626,17,oyster74,Control,20704.89283233244
20250626,17,oyster75,Control,20130.15009211008
20250626,17,oyster76,Control,22608.361344759654
20250626,17,oyster77,Control,17895.02567587191
20250626,17,oyster78,Control,16904.111239244812
20250626,17,oyster79,Control,17505.637815225724
20250626,17,oyster80,Control,18610.14623379581
20250626,17,oyster81,Control,1759.1949296715682
20250626,17,oyster82,Control,19032.11037503605
20250626,17,oyster83,Control,11118.434906285354
20250626,17,oyster84,Control,11074.184685291177
20250626,17,oyster85,Control,23396.864570771464
20250626,17,oyster86,Control,23394.00465292091
20250626,17,oyster87,Control,20156.219060966334
20250626,17,oyster88,Control,18393.788516526572
20250626,17,oyster89,Control,22786.401718610963
20250626,17,oyster90,Control,19762.811497731353
20250626,17,oyster91,Control,14568.412382782524
20250626,17,oyster92,Control,21462.2338628675
20250626,17,oyster93,Control,22565.37308439956
20250626,17,oyster94,Control,24507.48550561808
20250626,17,oyster95,Control,23675.443991852684
20250626,17,oyster96,Control,20672.640085062154
20250626,17,oyster97,Control,20385.44945239209
20250626,17,oyster98,Control,22931.90508896741
20250626,17,oyster99,Control,22511.930277306932
20250626,17,oyster100,Control,26276.040334931895
20250626,17,oyster101,Control,24406.989903171398
20250626,17,oyster102,Control,26192.339173476812
20250626,17,oyster103,Control,26401.29610583812
20250626,17,oyster104,Control,16710.25799212149
20250626,17,oyster105,Control,19481.694539985103
20250626,17,oyster106,Control,22154.176867782768
20250626,17,oyster107,Control,24952.88900377409
20250626,17,oyster108,Control,14944.274768830677
20250626,17,oyster109,Control,23151.557491954274
20250626,17,oyster110,Control,22184.596538426045
20250626,17,oyster111,Control,23718.72845773707
20250626,17,oyster112,Control,23346.69668061046
20250626,17,oyster113,Control,22125.845213448923
20250626,17,oyster114,Control,22401.70972856832
20250626,17,oyster115,Control,24717.195370525675
20250626,17,oyster116,Control,22785.910939031844
20250626,17,oyster117,Control,24188.321007711376
20250626,17,oyster118,Control,23367.885781026787
20250626,17,oyster119,Control,24023.63355283147
20250626,17,oyster120,Control,23123.805004648075
20250626,17,oyster121,Control,23695.352271303494
20250626,17,oyster122,Control,24899.527969446743
20250626,17,oyster123,Control,23834.520397798304
20250626,17,oyster124,Control,27081.02850196337
20250626,17,oyster125,Control,22334.49622085671
20250626,17,oyster126,Control,24305.2975084154
20250626,17,oyster127,Control,6115.587246438895
20250626,17,oyster128,Control,19632.040654507684
20250626,17,oyster129,Control,23825.920040769615
20250626,17,oyster130,Control,24949.383960760544
20250626,17,oyster131,Control,23403.539252044477
20250626,17,oyster132,Control,25882.070983868194
20250626,17,oyster133,Control,21494.84625725878
20250626,17,oyster134,Control,24288.203333667698
20250626,18,oyster1,Immune PolyIC,6533.589918549091
20250626,18,oyster2,Immune PolyIC,6764.269894993025
20250626,18,oyster3,Immune PolyIC,8213.953165596917
20250626,18,oyster4,Immune PolyIC,12681.073371382736
20250626,18,oyster5,Immune PolyIC,8366.537301128177
20250626,18,oyster6,Immune PolyIC,13750.662259155462
20250626,18,oyster7,Immune PolyIC,14274.499294461926
20250626,18,oyster8,Immune PolyIC,9300.018406035171
20250626,18,oyster9,Immune PolyIC,10286.22326146756
20250626,18,oyster10,Immune PolyIC,15383.313777100164
20250626,18,oyster11,Immune PolyIC,10049.499618520038
20250626,18,oyster12,Immune PolyIC,12493.056909908068
20250626,18,oyster13,Immune PolyIC,11356.357814254687
20250626,18,oyster14,Immune PolyIC,19044.49213392674
20250626,18,oyster15,Immune PolyIC,18977.481704118898
20250626,18,oyster16,Immune PolyIC,14573.412512035295
20250626,18,oyster17,Immune PolyIC,15016.16267733314
20250626,18,oyster18,Immune PolyIC,14481.991603633716
20250626,18,oyster19,Immune PolyIC,14969.733590894835
20250626,18,oyster20,Immune PolyIC,12119.290359530918
20250626,18,oyster21,Immune PolyIC,14226.246666509145
20250626,18,oyster22,Immune PolyIC,12062.348812159493
20250626,18,oyster23,Immune PolyIC,14741.785016784983
20250626,18,oyster24,Immune PolyIC,16034.03618209667
20250626,18,oyster25,Immune PolyIC,16973.471592867467
20250626,18,oyster26,Immune PolyIC,15097.746944002576
20250626,18,oyster27,Immune PolyIC,14733.452162629033
20250626,18,oyster28,Immune PolyIC,15952.28804461365
20250626,18,oyster29,Immune PolyIC,17147.051269060332
20250626,18,oyster30,Immune PolyIC,15444.734302803074
20250626,18,oyster31,Immune PolyIC,14512.81133061523
20250626,18,oyster32,Immune PolyIC,18406.703154932402
20250626,18,oyster33,Immune PolyIC,13973.573941953488
20250626,18,oyster34,Immune PolyIC,18734.151143083644
20250626,18,oyster35,Immune PolyIC,17442.789177312436
20250626,18,oyster36,Immune PolyIC,15634.15369903473
20250626,18,oyster37,Immune PolyIC,16113.175282563592
20250626,18,oyster38,Immune PolyIC,18517.304856601262
20250626,18,oyster39,Immune PolyIC,13572.089250885649
20250626,18,oyster40,Immune PolyIC,20683.595909799118
20250626,18,oyster41,Immune PolyIC,17991.216022695455
20250626,18,oyster42,Immune PolyIC,13679.40331784629
20250626,18,oyster43,Immune PolyIC,10271.108969891058
20250626,18,oyster44,Immune PolyIC,17117.053578741932
20250626,18,oyster45,Immune PolyIC,17053.444609782702
20250626,18,oyster46,Immune PolyIC,15640.195891260952
20250626,18,oyster47,Immune PolyIC,16231.07405893682
20250626,18,oyster48,Immune PolyIC,14489.400414694534
20250626,18,oyster49,Immune PolyIC,16138.35887076213
20250626,18,oyster50,Immune PolyIC,16445.718465767546
20250626,18,oyster51,Immune PolyIC,3954.74537494783
20250626,18,oyster52,Immune PolyIC,19697.284967023952
20250626,18,oyster53,Immune PolyIC,17559.458474049858
20250626,18,oyster54,Immune PolyIC,16405.681792518553
20250626,18,oyster55,Immune PolyIC,18575.329898728665
20250626,18,oyster56,Immune PolyIC,18566.425001043863
20250626,18,oyster57,Immune PolyIC,15380.209766326465
20250626,18,oyster58,Immune PolyIC,16730.67723555885
20250626,18,oyster59,Immune PolyIC,17063.882125810716
20250626,18,oyster60,Immune PolyIC,17547.985349539864
20250626,18,oyster61,Immune PolyIC,13482.556152138246
20250626,18,oyster62,Immune PolyIC,20907.64514804723
20250626,18,oyster63,Immune PolyIC,17775.267611006737
20250626,18,oyster64,Immune PolyIC,15462.71052947332
20250626,18,oyster65,Immune PolyIC,15050.038266973153
20250626,18,oyster66,Immune PolyIC,16126.339463748467
20250626,18,oyster67,Immune PolyIC,14826.165430050596
20250626,18,oyster68,Immune PolyIC,24272.90566414264
20250626,18,oyster69,Immune PolyIC,22339.52500193393
20250626,18,oyster70,Immune PolyIC,21487.474757804634
20250626,18,oyster71,Immune PolyIC,21546.959056762706
20250626,18,oyster72,Immune PolyIC,23556.701713295435
20250626,18,oyster73,Immune PolyIC,15300.702356762122
20250626,18,oyster74,Immune PolyIC,19353.300095128874
20250626,18,oyster75,Immune PolyIC,22341.088200179678
20250626,18,oyster76,Immune PolyIC,11908.600647307314
20250626,18,oyster77,Immune PolyIC,19150.967099069603
20250626,18,oyster78,Immune PolyIC,17018.252085416603
20250626,18,oyster79,Immune PolyIC,22803.38529040081
20250626,18,oyster80,Immune PolyIC,18687.156799972174
20250626,18,oyster81,Immune PolyIC,20271.119671905086
20250626,18,oyster82,Immune PolyIC,20349.74833425288
20250626,18,oyster83,Immune PolyIC,20162.797006236273
20250626,18,oyster84,Immune PolyIC,20351.53994686917
20250626,18,oyster85,Immune PolyIC,25086.88616708829
20250626,18,oyster86,Immune PolyIC,21315.058811889543
20250626,18,oyster87,Immune PolyIC,22449.01649408184
20250626,18,oyster88,Immune PolyIC,19819.152894321796
20250626,18,oyster89,Immune PolyIC,21829.320370847825
20250626,18,oyster90,Immune PolyIC,19502.72880875126
20250626,18,oyster91,Immune PolyIC,19536.11610637997
20250626,18,oyster92,Immune PolyIC,23729.385872472278
20250626,18,oyster93,Immune PolyIC,22201.985850739333
20250626,18,oyster94,Immune PolyIC,23055.63882657421
20250626,18,oyster95,Immune PolyIC,20646.267214548097
20250626,18,oyster96,Immune PolyIC,23527.81251879875
20250626,18,oyster97,Immune PolyIC,22017.172151998984
20250626,18,oyster98,Immune PolyIC,25717.13561838898
20250626,18,oyster99,Immune PolyIC,22788.81822023237
20250626,18,oyster100,Immune PolyIC,23159.446338226528
20250626,18,oyster101,Immune PolyIC,22557.65512636347
20250626,18,oyster102,Immune PolyIC,22215.281666913444
20250626,18,oyster103,Immune PolyIC,24214.171227703435
20250626,18,oyster104,Immune PolyIC,22065.740928016505
20250626,18,oyster105,Immune PolyIC,20154.215950922102
20250626,18,oyster106,Immune PolyIC,18368.771976742824
20250626,18,oyster107,Immune PolyIC,23639.88372743408
20250626,18,oyster108,Immune PolyIC,24182.324062543954
20250626,18,oyster109,Immune PolyIC,21492.597143219948
20250626,18,oyster110,Immune PolyIC,23561.165054209512
20250626,18,oyster111,Immune PolyIC,20731.501820388483
20250626,18,oyster112,Immune PolyIC,25267.622149807336
20250626,18,oyster113,Immune PolyIC,17228.97641134085
20250626,18,oyster114,Immune PolyIC,22131.823448980136
20250626,18,oyster115,Immune PolyIC,21047.384207623047
20250626,18,oyster116,Immune PolyIC,22383.864351411063
20250626,18,oyster117,Immune PolyIC,23541.558451314686
20250626,18,oyster118,Immune PolyIC,22707.398487195154
20250626,18,oyster119,Immune PolyIC,23569.591705302024
20250626,18,oyster120,Immune PolyIC,24377.1492611188
20250626,18,oyster121,Immune PolyIC,24333.629912336022
20250626,18,oyster122,Immune PolyIC,24224.324331578297
20250626,18,oyster123,Immune PolyIC,25045.520666871893
20250626,18,oyster124,Immune PolyIC,23013.751941207272
20250626,18,oyster125,Immune PolyIC,26986.66614505538
20250626,18,oyster126,Immune PolyIC,23930.83923353098
20250626,18,oyster127,Immune PolyIC,23077.10275940908
20250626,18,oyster128,Immune PolyIC,21704.28783547157
20250626,18,oyster129,Immune PolyIC,24118.53153147767
20250626,18,oyster130,Immune PolyIC,24314.729321774394
20250626,19,oyster1,Control,6990.582245174908
20250626,19,oyster2,Control,8549.57696132571
20250626,19,oyster3,Control,7010.620652804197
20250626,19,oyster5,Control,12503.828120176708
20250626,19,oyster6,Control,8032.445702479757
20250626,19,oyster7,Control,14305.653735966465
20250626,19,oyster8,Control,11989.80692258369
20250626,19,oyster9,Control,10480.20601736045
20250626,19,oyster10,Control,8487.043244704832
20250626,19,oyster11,Control,7752.271925981416
20250626,19,oyster12,Control,11934.61081410799
20250626,19,oyster13,Control,12831.10156139193
20250626,19,oyster14,Control,12650.73587263282
20250626,19,oyster15,Control,12362.864660917712
20250626,19,oyster16,Control,14775.391297241491
20250626,19,oyster17,Control,13900.642455957006
20250626,19,oyster18,Control,15795.191062031816
20250626,19,oyster19,Control,11064.768683463388
20250626,19,oyster20,Control,11177.143331089246
20250626,19,oyster21,Control,12908.623375866831
20250626,19,oyster22,Control,12912.295512229148
20250626,19,oyster23,Control,11976.428551043999
20250626,19,oyster24,Control,11318.803599102315
20250626,19,oyster25,Control,20337.506472789933
20250626,19,oyster26,Control,14790.262372159486
20250626,19,oyster27,Control,14857.383970953833
20250626,19,oyster28,Control,16936.252834151706
20250626,19,oyster29,Control,12086.174119026538
20250626,19,oyster30,Control,13511.168712398725
20250626,19,oyster31,Control,16682.61043486836
20250626,19,oyster32,Control,15602.015663356846
20250626,19,oyster33,Control,14218.355137632589
20250626,19,oyster34,Control,18534.888073744096
20250626,19,oyster35,Control,12941.45976925323
20250626,19,oyster36,Control,11850.009616151907
20250626,19,oyster37,Control,15027.159150553414
20250626,19,oyster38,Control,11209.28253639478
20250626,19,oyster39,Control,17080.91585430354
20250626,19,oyster40,Control,17343.240014969375
20250626,19,oyster41,Control,13983.718282971797
20250626,19,oyster42,Control,17626.348810053336
20250626,19,oyster43,Control,11349.147351739768
20250626,19,oyster44,Control,17886.39146533344
20250626,19,oyster45,Control,20111.73129615539
20250626,19,oyster46,Control,16201.466836240506
20250626,19,oyster47,Control,13641.529111702876
20250626,19,oyster48,Control,12290.681521095234
20250626,19,oyster49,Control,7653.877231434016
20250626,19,oyster50,Control,8106.178824100353
20250626,19,oyster51,Control,22021.524937771515
20250626,19,oyster52,Control,16082.24927373981
20250626,19,oyster53,Control,17207.14141218546
20250626,19,oyster54,Control,18779.12390153148
20250626,19,oyster55,Control,14607.155999784969
20250626,19,oyster56,Control,18222.897651096955
20250626,19,oyster57,Control,18977.310678411726
20250626,19,oyster58,Control,18728.464347546298
20250626,19,oyster59,Control,17388.88656170215
20250626,19,oyster60,Control,16270.021501332725
20250626,19,oyster61,Control,19131.318411077744
20250626,19,oyster62,Control,19739.14996647332
20250626,19,oyster63,Control,21021.527417068424
20250626,19,oyster64,Control,19880.54623220419
20250626,19,oyster65,Control,18236.267567119674
20250626,19,oyster66,Control,22112.29614889695
20250626,19,oyster67,Control,16479.65879875964
20250626,19,oyster68,Control,20689.76292323644
20250626,19,oyster69,Control,15315.896395802461
20250626,19,oyster70,Control,17548.881046028306
20250626,19,oyster71,Control,15071.232820944138
20250626,19,oyster72,Control,21602.811651140873
20250626,19,oyster73,Control,17155.142239482506
20250626,19,oyster74,Control,15441.427967925229
20250626,19,oyster75,Control,18568.02196843534
20250626,19,oyster76,Control,17568.697002352776
20250626,19,oyster77,Control,21344.967080815044
20250626,19,oyster78,Control,21882.82437251141
20250626,19,oyster79,Control,21501.592780355255
20250626,19,oyster80,Control,17762.031932714282
20250626,19,oyster81,Control,18499.771811778282
20250626,19,oyster82,Control,24449.474647792675
20250626,19,oyster83,Control,20948.80762933978
20250626,19,oyster84,Control,15190.582561603922
20250626,19,oyster85,Control,19513.10378869194
20250626,19,oyster86,Control,20175.66601822877
20250626,19,oyster87,Control,20385.44945239209
20250626,19,oyster88,Control,21341.020596227754
20250626,19,oyster89,Control,22166.322783901433
20250626,19,oyster90,Control,18506.53755650492
20250626,19,oyster91,Control,12276.819811866702
20250626,19,oyster92,Control,21728.49474472183
20250626,19,oyster93,Control,16912.30786163829
20250626,19,oyster94,Control,18704.136691110027
20250626,19,oyster95,Control,21018.953659164494
20250626,19,oyster96,Control,22523.969384971377
20250626,19,oyster97,Control,18264.15836812905
20250626,19,oyster98,Control,20175.92014525271
20250626,19,oyster99,Control,20760.305068316655
20250626,19,oyster100,Control,23025.65518446687
20250626,19,oyster101,Control,20914.38493396084
20250626,19,oyster102,Control,24118.56233487669
20250626,19,oyster103,Control,20367.405765228774
20250626,19,oyster104,Control,19692.138081651494
20250626,19,oyster105,Control,21677.457337091917
20250626,19,oyster106,Control,18737.760865570363
20250626,19,oyster107,Control,12789.742905361458
20250626,19,oyster108,Control,21958.45356380858
20250626,19,oyster109,Control,22161.67809449969
20250626,19,oyster110,Control,22119.250224042462
20250626,19,oyster111,Control,21845.135902135986
20250626,19,oyster112,Control,20981.429388416913
20250626,19,oyster113,Control,20469.99469890028
20250626,19,oyster114,Control,23582.36283547581
20250626,19,oyster115,Control,22743.218508629358
20250626,19,oyster116,Control,23207.13099893969
20250626,19,oyster117,Control,23827.657455983477
20250626,19,oyster118,Control,22940.83828349141
20250626,19,oyster119,Control,20540.676328388152
20250626,19,oyster120,Control,24851.2854071849
20250626,19,oyster121,Control,24068.13584693154
20250626,19,oyster122,Control,24122.661080013062
20250626,19,oyster123,Control,23615.72280219582
20250626,19,oyster124,Control,20847.23271241003
20250626,19,oyster125,Control,24595.466530110207
20250626,19,oyster126,Control,24934.501600348394
20250626,19,oyster127,Control,25565.93569840753
20250626,19,oyster128,Control,22845.558504250825
20250626,19,oyster129,Control,15245.517674463697
20250626,19,oyster130,Control,24933.77104489845
20250626,19,oyster131,Control,24679.430151886827
20250626,19,oyster132,Control,28912.760299191592
20250626,19,oyster133,Control,23581.79436266374
20250626,19,oyster134,Control,24233.35435548909
20250626,19,oyster135,Control,21717.95714460064
20250626,20,oyster2,Immune PolyIC,6032.316153371696
20250626,20,oyster3,Immune PolyIC,8275.460072140682
20250626,20,oyster4,Immune PolyIC,7194.531388465943
20250626,20,oyster5,Immune PolyIC,7350.269999862028
20250626,20,oyster6,Immune PolyIC,7094.214944498206
20250626,20,oyster7,Immune PolyIC,9627.437170138823
20250626,20,oyster8,Immune PolyIC,12629.07727201629
20250626,20,oyster9,Immune PolyIC,7462.234240019822
20250626,20,oyster10,Immune PolyIC,11825.925154915596
20250626,20,oyster11,Immune PolyIC,10100.646353853326
20250626,20,oyster12,Immune PolyIC,9203.917193472393
20250626,20,oyster13,Immune PolyIC,9667.772480230395
20250626,20,oyster14,Immune PolyIC,11001.168284603478
20250626,20,oyster15,Immune PolyIC,8052.29267077343
20250626,20,oyster16,Immune PolyIC,15581.71403896487
20250626,20,oyster17,Immune PolyIC,10969.025959726347
20250626,20,oyster18,Immune PolyIC,12710.311134193307
20250626,20,oyster19,Immune PolyIC,10225.549804277067
20250626,20,oyster20,Immune PolyIC,14004.682799552751
20250626,20,oyster21,Immune PolyIC,14592.233391359292
20250626,20,oyster22,Immune PolyIC,7469.308437820027
20250626,20,oyster23,Immune PolyIC,9311.79599107863
20250626,20,oyster24,Immune PolyIC,16017.38493826957
20250626,20,oyster25,Immune PolyIC,17342.146576572595
20250626,20,oyster26,Immune PolyIC,14865.971451372774
20250626,20,oyster27,Immune PolyIC,13396.809433341154
20250626,20,oyster28,Immune PolyIC,12944.430803499032
20250626,20,oyster29,Immune PolyIC,11835.99414089989
20250626,20,oyster30,Immune PolyIC,16451.14229966821
20250626,20,oyster31,Immune PolyIC,22423.077911799213
20250626,20,oyster32,Immune PolyIC,18662.52031653897
20250626,20,oyster33,Immune PolyIC,22332.627959258025
20250626,20,oyster34,Immune PolyIC,13550.849319289886
20250626,20,oyster35,Immune PolyIC,15707.121484278887
20250626,20,oyster36,Immune PolyIC,14204.53170825702
20250626,20,oyster37,Immune PolyIC,12214.459140253402
20250626,20,oyster38,Immune PolyIC,15879.357178714896
20250626,20,oyster39,Immune PolyIC,12657.412215499313
20250626,20,oyster40,Immune PolyIC,14642.56327796207
20250626,20,oyster41,Immune PolyIC,12333.370012244395
20250626,20,oyster42,Immune PolyIC,22586.130714260842
20250626,20,oyster43,Immune PolyIC,18791.26974010814
20250626,20,oyster44,Immune PolyIC,10983.089075733842
20250626,20,oyster45,Immune PolyIC,16851.93692868545
20250626,20,oyster46,Immune PolyIC,22157.64648640155
20250626,20,oyster47,Immune PolyIC,19666.50593904327
20250626,20,oyster48,Immune PolyIC,10797.8760152885
20250626,20,oyster49,Immune PolyIC,18056.710352654984
20250626,20,oyster50,Immune PolyIC,12012.306711298983
20250626,20,oyster51,Immune PolyIC,19803.344355519475
20250626,20,oyster52,Immune PolyIC,3983.598360195243
20250626,20,oyster53,Immune PolyIC,17247.040820148293
20250626,20,oyster54,Immune PolyIC,14174.603428613456
20250626,20,oyster55,Immune PolyIC,17804.385875680677
20250626,20,oyster56,Immune PolyIC,17207.279262922828
20250626,20,oyster57,Immune PolyIC,19919.574161223776
20250626,20,oyster58,Immune PolyIC,19369.77156078295
20250626,20,oyster59,Immune PolyIC,17658.346187038438
20250626,20,oyster60,Immune PolyIC,20696.84299795311
20250626,20,oyster61,Immune PolyIC,16988.95682026124
20250626,20,oyster62,Immune PolyIC,20528.331365117283
20250626,20,oyster63,Immune PolyIC,22120.58645664541
20250626,20,oyster64,Immune PolyIC,21699.17837232125
20250626,20,oyster65,Immune PolyIC,21563.429363057203
20250626,20,oyster66,Immune PolyIC,14854.585689274376
20250626,20,oyster67,Immune PolyIC,19976.48975115069
20250626,20,oyster68,Immune PolyIC,18303.65887228043
20250626,20,oyster69,Immune PolyIC,19750.817417714068
20250626,20,oyster70,Immune PolyIC,21799.925568370832
20250626,20,oyster71,Immune PolyIC,21594.77116330147
20250626,20,oyster72,Immune PolyIC,23248.49338466289
20250626,20,oyster73,Immune PolyIC,20024.95545965367
20250626,20,oyster74,Immune PolyIC,19565.45108415607
20250626,20,oyster75,Immune PolyIC,22306.073219443726
20250626,20,oyster76,Immune PolyIC,18996.175394064172
20250626,20,oyster77,Immune PolyIC,18083.87181106353
20250626,20,oyster78,Immune PolyIC,21538.385939029828
20250626,20,oyster79,Immune PolyIC,21755.84393374119
20250626,20,oyster80,Immune PolyIC,20017.622555933878
20250626,20,oyster81,Immune PolyIC,21659.62644248094
20250626,20,oyster82,Immune PolyIC,19467.67515272431
20250626,20,oyster83,Immune PolyIC,18740.403112936274
20250626,20,oyster84,Immune PolyIC,14891.57856598342
20250626,20,oyster85,Immune PolyIC,21645.853328583944
20250626,20,oyster86,Immune PolyIC,18386.241929692733
20250626,20,oyster87,Immune PolyIC,20547.222180331923
20250626,20,oyster88,Immune PolyIC,22590.573479811148
20250626,20,oyster89,Immune PolyIC,22549.46671766022
20250626,20,oyster90,Immune PolyIC,23829.72073064522
20250626,20,oyster91,Immune PolyIC,21734.163398776924
20250626,20,oyster92,Immune PolyIC,17285.57048552137
20250626,20,oyster93,Immune PolyIC,25437.099492322566
20250626,20,oyster94,Immune PolyIC,21259.037990925244
20250626,20,oyster95,Immune PolyIC,21458.350778127504
20250626,20,oyster96,Immune PolyIC,16147.032976272016
20250626,20,oyster97,Immune PolyIC,15186.21889286375
20250626,20,oyster98,Immune PolyIC,19843.24217976147
20250626,20,oyster99,Immune PolyIC,17697.687144634325
20250626,20,oyster100,Immune PolyIC,14328.212643305877
20250626,20,oyster101,Immune PolyIC,21848.952809611583
20250626,20,oyster102,Immune PolyIC,20031.676042344046
20250626,20,oyster103,Immune PolyIC,25081.050689578027
20250626,20,oyster104,Immune PolyIC,24504.454396147128
20250626,20,oyster105,Immune PolyIC,19381.235504148015
20250626,20,oyster106,Immune PolyIC,22236.270594174337
20250626,20,oyster107,Immune PolyIC,21771.702703323568
20250626,20,oyster108,Immune PolyIC,14841.019518038647
20250626,20,oyster109,Immune PolyIC,25375.19072892434
20250626,20,oyster110,Immune PolyIC,21175.323812424373
20250626,20,oyster111,Immune PolyIC,24284.95110938338
20250626,20,oyster112,Immune PolyIC,23287.63292805589
20250626,20,oyster113,Immune PolyIC,23707.360537209213
20250626,20,oyster114,Immune PolyIC,22915.4222335798
20250626,20,oyster115,Immune PolyIC,13390.381108450947
20250626,20,oyster116,Immune PolyIC,21968.43690556498
20250626,20,oyster117,Immune PolyIC,18269.230732522632
20250626,20,oyster118,Immune PolyIC,23918.3167357054
20250626,20,oyster119,Immune PolyIC,25958.460308710975
20250626,20,oyster120,Immune PolyIC,24483.795612000944
20250626,20,oyster121,Immune PolyIC,23383.86187770568
20250626,20,oyster122,Immune PolyIC,23382.36399290833
20250626,20,oyster123,Immune PolyIC,24404.44760772412
20250626,20,oyster124,Immune PolyIC,26611.143552579284
20250626,20,oyster125,Immune PolyIC,21766.52826265223
20250626,20,oyster126,Immune PolyIC,25050.74625007554
20250626,20,oyster127,Immune PolyIC,20231.973484420112
20250626,20,oyster128,Immune PolyIC,23525.12375095335
20250626,20,oyster129,Immune PolyIC,25412.337552242458
20250626,20,oyster130,Immune PolyIC,25882.935848192188
20250626,20,oyster131,Immune PolyIC,25362.711341099217
20251006,13,oyster1,Immune PolyIC,24902.1768374354
20251006,13,oyster2,Immune PolyIC,38685.64646794022
20251006,13,oyster3,Immune PolyIC,10452.42528823256
20251006,13,oyster4,Immune PolyIC,19491.58498554241
20251006,13,oyster5,Immune PolyIC,10273.090566801875
20251006,13,oyster6,Immune PolyIC,22668.98092830649
20251006,13,oyster7,Immune PolyIC,29576.190507886015
20251006,13,oyster8,Immune PolyIC,21656.335236611507
20251006,13,oyster9,Immune PolyIC,25913.549464957134
20251006,13,oyster10,Immune PolyIC,25440.310324561156
20251006,13,oyster11,Immune PolyIC,29709.17086279521
20251006,13,oyster12,Immune PolyIC,8014.758205282014
20251006,13,oyster13,Immune PolyIC,55692.92652408367
20251006,13,oyster14,Immune PolyIC,29415.74043182819
20251006,13,oyster15,Immune PolyIC,39231.329609633496
20251006,13,oyster16,Immune PolyIC,30003.643457746002
20251006,13,oyster17,Immune PolyIC,34684.305936594115
20251006,13,oyster18,Immune PolyIC,43267.94925638186
20251006,13,oyster19,Immune PolyIC,33946.30301226873
20251006,13,oyster20,Immune PolyIC,27641.85936837816
20251006,13,oyster21,Immune PolyIC,34168.497860790754
20251006,13,oyster22,Immune PolyIC,15464.50321817054
20251006,13,oyster23,Immune PolyIC,25963.018111143407
20251006,13,oyster24,Immune PolyIC,39821.5999489422
20251006,13,oyster25,Immune PolyIC,34513.93698596147
20251006,13,oyster26,Immune PolyIC,24468.378388578894
20251006,13,oyster27,Immune PolyIC,40707.406921584814
20251006,13,oyster28,Immune PolyIC,80681.93771830105
20251006,13,oyster29,Immune PolyIC,58304.32151222868
20251006,13,oyster30,Immune PolyIC,14666.566721887983
20251006,13,oyster31,Immune PolyIC,26930.400600617228
20251006,13,oyster32,Immune PolyIC,23350.084814717462
20251006,13,oyster33,Immune PolyIC,26051.399338144904
20251006,13,oyster34,Immune PolyIC,30696.902197877374
20251006,13,oyster35,Immune PolyIC,14749.678194323242
20251006,13,oyster36,Immune PolyIC,12023.282178815112
20251006,13,oyster37,Immune PolyIC,24605.571295196227
20251006,13,oyster38,Immune PolyIC,30434.75388276013
20251006,13,oyster39,Immune PolyIC,16346.318415645263
20251006,13,oyster40,Immune PolyIC,22501.426257195693
20251006,13,oyster41,Immune PolyIC,23991.123764584176
20251006,13,oyster42,Immune PolyIC,25688.524855186064
20251006,13,oyster43,Immune PolyIC,28396.98901490712
20251006,13,oyster44,Immune PolyIC,12199.044446271197
20251006,13,oyster45,Immune PolyIC,33865.020623299584
20251006,13,oyster46,Immune PolyIC,16304.429364143478
20251006,13,oyster47,Immune PolyIC,10738.384850540773
20251006,13,oyster48,Immune PolyIC,31470.40810750742
20251006,13,oyster49,Immune PolyIC,39252.35538020879
20251006,13,oyster50,Immune PolyIC,25354.78650003657
20251006,13,oyster51,Immune PolyIC,24433.492769702498
20251006,13,oyster52,Immune PolyIC,34187.595522002055
20251006,13,oyster53,Immune PolyIC,33386.661343652966
20251006,13,oyster54,Immune PolyIC,22979.431596407427
20251006,13,oyster55,Immune PolyIC,30631.621536678336
20251006,13,oyster56,Immune PolyIC,43808.9154750514
20251006,13,oyster57,Immune PolyIC,12971.588842465215
20251006,13,oyster58,Immune PolyIC,30139.404362877038
20251006,13,oyster60,Immune PolyIC,8625.762166179917
20251006,13,oyster61,Immune PolyIC,24714.01574970746
20251006,13,oyster62,Immune PolyIC,7601.4045197064115
20251006,13,oyster63,Immune PolyIC,24091.439454108244
20251006,13,oyster64,Immune PolyIC,29716.179093401457
20251006,13,oyster65,Immune PolyIC,29782.865075383444
20251006,13,oyster66,Immune PolyIC,22173.732373360443
20251006,13,oyster67,Immune PolyIC,18355.62631616331
20251006,13,oyster68,Immune PolyIC,17749.114338640735
20251006,13,oyster69,Immune PolyIC,9880.285661580492
20251006,13,oyster70,Immune PolyIC,12373.670209010663
20251006,13,oyster71,Immune PolyIC,5692.621230745648
20251006,13,oyster72,Immune PolyIC,18020.48557356371
20251006,13,oyster73,Immune PolyIC,27667.237840532267
20251006,13,oyster74,Immune PolyIC,29683.272677003995
20251006,13,oyster75,Immune PolyIC,31101.38410198954
20251006,13,oyster76,Immune PolyIC,30636.68460961582
20251006,13,oyster77,Immune PolyIC,26741.78590256731
20251006,13,oyster78,Immune PolyIC,38509.62670262887
20251006,13,oyster79,Immune PolyIC,38073.9157940498
20251006,13,oyster80,Immune PolyIC,29952.106241811343
20251006,13,oyster81,Immune PolyIC,18991.925784899962
20251006,13,oyster82,Immune PolyIC,22089.285009227584
20251006,13,oyster83,Immune PolyIC,34890.90798609425
20251006,13,oyster84,Immune PolyIC,12484.558767072187
20251006,13,oyster85,Immune PolyIC,33887.58766116985
20251006,13,oyster86,Immune PolyIC,19298.633997416342
20251006,13,oyster87,Immune PolyIC,30017.12337101836
20251006,13,oyster88,Immune PolyIC,37977.39593442325
20251006,13,oyster89,Immune PolyIC,47043.103358990746
20251006,13,oyster90,Immune PolyIC,35833.17873925692
20251006,13,oyster91,Immune PolyIC,14143.364790887128
20251006,13,oyster92,Immune PolyIC,26405.569129536132
20251006,13,oyster93,Immune PolyIC,10540.785569434105
20251006,13,oyster94,Immune PolyIC,36710.795442028786
20251006,13,oyster95,Immune PolyIC,37930.242514402424
20251006,13,oyster96,Immune PolyIC,23473.81016174485
20251006,13,oyster97,Immune PolyIC,5780.651635349524
20251006,13,oyster98,Immune PolyIC,16847.59303689676
20251006,13,oyster99,Immune PolyIC,41439.33520320174
20251006,14,oyster1,Control,15389.328574572253
20251006,14,oyster2,Control,3930.5113558859703
20251006,14,oyster3,Control,25076.723771018944
20251006,14,oyster4,Control,36554.18082581511
20251006,14,oyster5,Control,13066.260598464789
20251006,14,oyster6,Control,39288.43960382945
20251006,14,oyster7,Control,15566.709143150096
20251006,14,oyster8,Control,6066.887548359944
20251006,14,oyster9,Control,19862.223057358824
20251006,14,oyster10,Control,19992.367568650283
20251006,14,oyster11,Control,11780.408183711697
20251006,14,oyster12,Control,17419.129469884683
20251006,14,oyster13,Control,11938.089032155527
20251006,14,oyster14,Control,21385.095343653556
20251006,14,oyster15,Control,20586.96388094857
20251006,14,oyster16,Control,20548.237574524523
20251006,14,oyster17,Control,6116.340431180128
20251006,14,oyster18,Control,25581.248941395075
20251006,14,oyster19,Control,12197.645164530884
20251006,14,oyster20,Control,18070.898309977318
20251006,14,oyster21,Control,6952.012627677763
20251006,14,oyster22,Control,6312.699770801504
20251006,14,oyster23,Control,11667.593662010833
20251006,14,oyster24,Control,6523.385334544873
20251006,14,oyster25,Control,7549.573106778094
20251006,14,oyster26,Control,27279.405553157318
20251006,14,oyster27,Control,20029.868433096774
20251006,14,oyster28,Control,6725.78021591045
20251006,14,oyster29,Control,8216.37385099303
20251006,14,oyster30,Control,16349.107368156423
20251006,14,oyster31,Control,6002.730726073882
20251006,14,oyster32,Control,20878.577175031234
20251006,14,oyster33,Control,16685.355318505914
20251006,14,oyster34,Control,13528.759592473652
20251006,14,oyster35,Control,11404.773288215385
20251006,14,oyster36,Control,8909.624537490745
20251006,14,oyster37,Control,23064.767625429093
20251006,14,oyster38,Control,11395.05292691142
20251006,14,oyster39,Control,24593.461980868502
20251006,14,oyster40,Control,7797.025631106208
20251006,14,oyster41,Control,8105.457674907195
20251006,14,oyster42,Control,12636.406265386839
20251006,14,oyster43,Control,24973.190886857592
20251006,14,oyster44,Control,12360.048309633305
20251006,14,oyster45,Control,19837.686944358196
20251006,14,oyster46,Control,13179.13175101488
20251006,14,oyster47,Control,20140.227216473446
20251006,14,oyster48,Control,13158.15715978988
20251006,14,oyster49,Control,5970.198282054542
20251006,14,oyster50,Control,20303.409967212407
20251006,14,oyster51,Control,18080.644549676537
20251006,14,oyster52,Control,6536.59788947933
20251006,14,oyster53,Control,11358.789420200053
20251006,14,oyster54,Control,11913.407413163855
20251006,14,oyster55,Control,20174.016023538425
20251006,14,oyster56,Control,18697.474944739508
20251006,14,oyster57,Control,10454.042762213954
20251006,14,oyster58,Control,16365.776694112457
20251006,14,oyster59,Control,19964.93559315693
20251006,14,oyster60,Control,8654.64876755339
20251006,14,oyster61,Control,9804.189747361786
20251006,14,oyster62,Control,31168.384442105365
20251006,14,oyster63,Control,13870.92859146287
20251006,14,oyster64,Control,10594.39554469566
20251006,14,oyster65,Control,20239.637419765066
20251006,14,oyster66,Control,19872.751949174366
20251006,14,oyster67,Control,13876.065286059049
20251006,14,oyster68,Control,15690.13779769704
20251006,14,oyster69,Control,13991.150324443108
20251006,14,oyster70,Control,18097.50635374285
20251006,14,oyster71,Control,17134.210584133034
20251006,14,oyster72,Control,19689.742803017114
20251006,14,oyster73,Control,18172.444423905705
20251006,14,oyster74,Control,9234.781475910459
20251006,14,oyster75,Control,16846.850916316056
20251006,14,oyster76,Control,23088.15901282164
20251006,14,oyster77,Control,11456.871924471794
20251006,14,oyster78,Control,8195.84357087476
20251006,14,oyster79,Control,18084.399880084784
20251006,14,oyster80,Control,8462.662881362146
20251006,14,oyster81,Control,20267.61551195848
20251006,14,oyster82,Control,26950.57097736199
20251006,14,oyster83,Control,12510.200646044534
20251006,14,oyster84,Control,16500.384927531944
20251006,14,oyster85,Control,10464.043568480309
20251006,14,oyster86,Control,14921.691957450079
20251006,14,oyster87,Control,6817.1233724909835
20251006,14,oyster88,Control,14816.84596547392
20251006,14,oyster89,Control,4731.251494472155
20251006,14,oyster90,Control,6717.48312575708
20251006,14,oyster91,Control,26528.300881130715
20251006,15,oyster1,Control,12390.399581457088
20251006,15,oyster2,Control,19858.77554001532
20251006,15,oyster3,Control,20945.060768110146
20251006,15,oyster4,Control,13413.627451321467
20251006,15,oyster5,Control,20034.16036876061
20251006,15,oyster6,Control,29365.807360024257
20251006,15,oyster7,Control,17168.90939839559
20251006,15,oyster8,Control,28696.563696652913
20251006,15,oyster9,Control,18665.50208192697
20251006,15,oyster10,Control,25037.692357010637
20251006,15,oyster11,Control,27289.445488812446
20251006,15,oyster12,Control,32085.226047779346
20251006,15,oyster13,Control,18754.645032110537
20251006,15,oyster14,Control,16114.554878609546
20251006,15,oyster15,Control,17876.802439682688
20251006,15,oyster16,Control,40251.79769032511
20251006,15,oyster17,Control,8479.359478013183
20251006,15,oyster18,Control,19356.821726058435
20251006,15,oyster19,Control,17284.845261995113
20251006,15,oyster20,Control,28261.61782051449
20251006,15,oyster21,Control,28682.515070960028
20251006,15,oyster22,Control,33640.107665173644
20251006,15,oyster23,Control,25507.053642873674
20251006,15,oyster24,Control,19606.270116912092
20251006,15,oyster25,Control,49165.80075552646
20251006,15,oyster26,Control,39808.20475633415
20251006,15,oyster27,Control,11997.446219552403
20251006,15,oyster28,Control,26100.149615821705
20251006,15,oyster29,Control,15176.179950507401
20251006,15,oyster30,Control,20134.881750590685
20251006,15,oyster31,Control,10435.5753563607
20251006,15,oyster32,Control,15906.450607801446
20251006,15,oyster33,Control,19941.042075994097
20251006,15,oyster34,Control,22873.55632255799
20251006,15,oyster35,Control,25006.296948150128
20251006,15,oyster36,Control,9855.226658643012
20251006,15,oyster37,Control,16844.38784562036
20251006,15,oyster38,Control,23122.38344709445
20251006,15,oyster39,Control,27665.148301345784
20251006,15,oyster40,Control,12133.457929059863
20251006,15,oyster41,Control,7417.705728607994
20251006,15,oyster42,Control,15406.549503494898
20251006,15,oyster43,Control,22374.736685676486
20251006,15,oyster44,Control,20201.155764044583
20251006,15,oyster45,Control,5887.822777184829
20251006,15,oyster46,Control,6755.555526357621
20251006,15,oyster47,Control,14412.119473342042
20251006,15,oyster48,Control,23472.35452501529
20251006,15,oyster49,Control,12554.274945905214
20251006,15,oyster50,Control,11474.80537875431
20251006,15,oyster51,Control,9295.054764378192
20251006,15,oyster52,Control,16807.875340468097
20251006,15,oyster53,Control,11848.694763185667
20251006,15,oyster54,Control,24351.333833605975
20251006,15,oyster55,Control,17566.876745259353
20251006,15,oyster56,Control,32617.231615637305
20251006,15,oyster57,Control,10078.413282972928
20251006,15,oyster58,Control,15718.799947054918
20251006,15,oyster59,Control,12451.864737558986
20251006,15,oyster60,Control,11688.6473131143
20251006,15,oyster61,Control,13760.16545754738
20251006,15,oyster62,Control,11106.893334854336
20251006,15,oyster63,Control,10149.043229372735
20251006,15,oyster64,Control,6972.548006699257
20251006,15,oyster65,Control,10695.170969889667
20251006,15,oyster66,Control,14178.53178302585
20251006,15,oyster67,Control,13194.374798012657
20251006,15,oyster68,Control,20473.57648175167
20251006,15,oyster69,Control,18366.87992648213
20251006,15,oyster70,Control,14094.683729851837
20251006,15,oyster71,Control,19884.648396830642
20251006,15,oyster72,Control,10933.463366187345
20251006,15,oyster73,Control,17785.142871096723
20251006,15,oyster74,Control,13692.487089847307
20251006,15,oyster75,Control,21801.781778263074
20251006,15,oyster76,Control,16913.603564725054
20251006,15,oyster77,Control,12389.379770447355
20251006,15,oyster78,Control,14294.578327208721
20251006,15,oyster79,Control,25276.75588822703
20251006,15,oyster80,Control,26188.523366428344
20251006,15,oyster81,Control,13257.002480924064
20251006,15,oyster82,Control,16290.094791806834
20251006,15,oyster83,Control,10841.043484386217
20251006,15,oyster84,Control,33607.89654056178
20251006,15,oyster85,Control,8465.571711843499
20251006,15,oyster86,Control,10872.91788850657
20251006,15,oyster87,Control,20647.38696447522
20251006,15,oyster88,Control,22051.359874137983
20251006,15,oyster89,Control,12568.905133639175
20251006,15,oyster90,Control,9513.5565045956
20251006,15,oyster91,Control,6480.358304545629
20251006,15,oyster92,Control,21332.578400242288
20251006,16,oyster1,Immune PolyIC,27674.83997747526
20251006,16,oyster2,Immune PolyIC,15985.484782403
20251006,16,oyster3,Immune PolyIC,27432.348297200697
20251006,16,oyster4,Immune PolyIC,31595.08550501126
20251006,16,oyster5,Immune PolyIC,7379.811369240822
20251006,16,oyster6,Immune PolyIC,6491.920501612894
20251006,16,oyster7,Immune PolyIC,10375.390965245577
20251006,16,oyster8,Immune PolyIC,22075.45390264412
20251006,16,oyster9,Immune PolyIC,9243.834889339112
20251006,16,oyster10,Immune PolyIC,17124.383094326426
20251006,16,oyster11,Immune PolyIC,18893.85861102726
20251006,16,oyster12,Immune PolyIC,28718.195830294608
20251006,16,oyster13,Immune PolyIC,14631.083532782744
20251006,16,oyster14,Immune PolyIC,8894.25418468571
20251006,16,oyster15,Immune PolyIC,18109.222387248927
20251006,16,oyster16,Immune PolyIC,29101.478633485873
20251006,16,oyster17,Immune PolyIC,38481.7755315331
20251006,16,oyster18,Immune PolyIC,22397.36460085702
20251006,16,oyster19,Immune PolyIC,6458.542829069516
20251006,16,oyster20,Immune PolyIC,9402.607687899417
20251006,16,oyster21,Immune PolyIC,14984.461084973322
20251006,16,oyster22,Immune PolyIC,22270.408148980678
20251006,16,oyster23,Immune PolyIC,10268.412963385505
20251006,16,oyster24,Immune PolyIC,19605.470111487644
20251006,16,oyster25,Immune PolyIC,13727.98304269911
20251006,16,oyster26,Immune PolyIC,22490.15945159112
20251006,16,oyster27,Immune PolyIC,34507.3409638167
20251006,16,oyster28,Immune PolyIC,28055.70412721637
20251006,16,oyster29,Immune PolyIC,27497.32794828304
20251006,16,oyster30,Immune PolyIC,27232.59971613963
20251006,16,oyster31,Immune PolyIC,12372.469245974542
20251006,16,oyster32,Immune PolyIC,18302.28111251004
20251006,16,oyster33,Immune PolyIC,14017.995596973597
20251006,16,oyster34,Immune PolyIC,12133.768441296132
20251006,16,oyster35,Immune PolyIC,6351.299515394327
20251006,16,oyster36,Immune PolyIC,15724.23374348037
20251006,16,oyster37,Immune PolyIC,24136.903922796722
20251006,16,oyster38,Immune PolyIC,11365.900491617394
20251006,16,oyster39,Immune PolyIC,15887.578580205554
20251006,16,oyster40,Immune PolyIC,28329.13196743875
20251006,16,oyster41,Immune PolyIC,19001.049923998595
20251006,16,oyster42,Immune PolyIC,11500.42182944157
20251006,16,oyster43,Immune PolyIC,25107.583090411317
20251006,16,oyster44,Immune PolyIC,12311.128762753746
20251006,16,oyster45,Immune PolyIC,13424.563486444902
20251006,16,oyster46,Immune PolyIC,31103.844463048714
20251006,16,oyster47,Immune PolyIC,20622.47729599916
20251006,16,oyster48,Immune PolyIC,6926.34872064806
20251006,16,oyster49,Immune PolyIC,16697.442553696987
20251006,16,oyster50,Immune PolyIC,14034.141929831683
20251006,16,oyster51,Immune PolyIC,9900.85073697471
20251006,16,oyster52,Immune PolyIC,24068.193298795726
20251006,16,oyster53,Immune PolyIC,15620.961369928824
20251006,16,oyster54,Immune PolyIC,13035.45306130671
20251006,16,oyster55,Immune PolyIC,9887.982537186319
20251006,16,oyster56,Immune PolyIC,7749.472728233424
20251006,16,oyster57,Immune PolyIC,11828.667212832428
20251006,16,oyster58,Immune PolyIC,12867.817358463275
20251006,16,oyster59,Immune PolyIC,15711.383727665452
20251006,16,oyster60,Immune PolyIC,10077.108352130635
20251006,16,oyster61,Immune PolyIC,24766.935772167308
20251006,16,oyster62,Immune PolyIC,23522.467362224947
20251006,16,oyster63,Immune PolyIC,18369.79253819173
20251006,16,oyster64,Immune PolyIC,21913.679526328437
20251006,16,oyster65,Immune PolyIC,16526.083023497653
20251006,16,oyster66,Immune PolyIC,6878.771078790651
20251006,16,oyster67,Immune PolyIC,21795.22233190798
20251006,16,oyster68,Immune PolyIC,26091.399112696803
20251006,16,oyster69,Immune PolyIC,17207.074410430258
20251006,16,oyster70,Immune PolyIC,8013.123440482304
20251006,16,oyster71,Immune PolyIC,15785.923595645036
20251006,16,oyster72,Immune PolyIC,26616.68891098495
20251006,16,oyster73,Immune PolyIC,9443.155272755292
20251006,16,oyster74,Immune PolyIC,17459.01260036295
20251006,16,oyster75,Immune PolyIC,12476.97974042497
20251006,16,oyster76,Immune PolyIC,12358.251005069236
20251006,16,oyster77,Immune PolyIC,17846.934527628473
20251006,16,oyster78,Immune PolyIC,10816.256485888705
20251006,16,oyster79,Immune PolyIC,16535.555143168545
20251006,16,oyster80,Immune PolyIC,12497.732232521863
20251006,16,oyster81,Immune PolyIC,9102.499766416953
20251006,16,oyster82,Immune PolyIC,11171.596950377534
20251006,16,oyster83,Immune PolyIC,12691.66683080906
20251006,16,oyster84,Immune PolyIC,10808.697986025225
20251006,16,oyster85,Immune PolyIC,17743.836196952565
20251006,16,oyster86,Immune PolyIC,11039.738565072403
20251006,16,oyster87,Immune PolyIC,15723.997276122427
20251006,16,oyster88,Immune PolyIC,19863.595906309034
20251006,16,oyster89,Immune PolyIC,14171.996133701483
20251006,16,oyster90,Immune PolyIC,20166.707348422686
20251006,16,oyster91,Immune PolyIC,11154.752325847268
20251006,16,oyster92,Immune PolyIC,12753.826721633493
20251006,16,oyster93,Immune PolyIC,27996.390431570217
20251006,16,oyster94,Immune PolyIC,36757.80552905453
20251006,16,oyster95,Immune PolyIC,25468.477825321395
20251006,16,oyster96,Immune PolyIC,21821.523235367502
20251006,16,oyster97,Immune PolyIC,5249.318744982349
20251006,16,oyster98,Immune PolyIC,8169.196748785354
20251006,16,oyster99,Immune PolyIC,27580.040054569807
20251006,16,oyster100,Immune PolyIC,29772.76110549239
20251006,16,oyster101,Immune PolyIC,11659.29985283543
20251006,16,oyster102,Immune PolyIC,29202.737152591886
20251006,16,oyster103,Immune PolyIC,30052.23922781668
20251006,16,oyster104,Immune PolyIC,5560.003448116009
20251006,17,oyster1,Control,22403.613815468438
20251006,17,oyster2,Control,7544.272627091374
20251006,17,oyster3,Control,6713.339514888474
20251006,17,oyster4,Control,31165.797793385813
20251006,17,oyster5,Control,33409.37786700416
20251006,17,oyster6,Control,35332.3945829655
20251006,17,oyster7,Control,24347.689475422158
20251006,17,oyster8,Control,20108.446810508343
20251006,17,oyster9,Control,29702.673407310038
20251006,17,oyster10,Control,38028.328199385265
20251006,17,oyster11,Control,29497.464018264232
20251006,17,oyster12,Control,18013.273180683194
20251006,17,oyster13,Control,27938.30312056384
20251006,17,oyster14,Control,19476.467889638552
20251006,17,oyster15,Control,14290.244982924843
20251006,17,oyster16,Control,21511.79610428772
20251006,17,oyster17,Control,13592.431807782923
20251006,17,oyster18,Control,32070.170343432408
20251006,17,oyster19,Control,19220.76031513924
20251006,17,oyster20,Control,23031.148027361138
20251006,17,oyster21,Control,29866.502808812184
20251006,17,oyster22,Control,19650.834865283556
20251006,17,oyster23,Control,21872.942636436404
20251006,17,oyster24,Control,25437.98863378651
20251006,17,oyster25,Control,26780.32089776062
20251006,17,oyster26,Control,12366.585814528458
20251006,17,oyster27,Control,15645.235380075617
20251006,17,oyster28,Control,13262.636463386727
20251006,17,oyster29,Control,23453.262591925908
20251006,17,oyster30,Control,34714.63690608184
20251006,17,oyster31,Control,14169.79521243483
20251006,17,oyster32,Control,34980.2282029308
20251006,17,oyster33,Control,16844.042454659102
20251006,17,oyster34,Control,40961.37631809697
20251006,17,oyster35,Control,23063.758838708614
20251006,17,oyster36,Control,24592.49414232088
20251006,17,oyster37,Control,13666.625085724576
20251006,17,oyster38,Control,14772.900013461469
20251006,17,oyster39,Control,28045.006505266967
20251006,17,oyster40,Control,12447.277825057114
20251006,17,oyster41,Control,30723.739995643467
20251006,17,oyster42,Control,14536.432963387786
20251006,17,oyster43,Control,18072.459021224502
20251006,17,oyster44,Control,19889.356832691148
20251006,17,oyster45,Control,27236.236406703894
20251006,17,oyster46,Control,23148.202573934082
20251006,17,oyster47,Control,32255.568153622473
20251006,17,oyster48,Control,6473.251388906783
20251006,17,oyster49,Control,13382.308294698953
20251006,17,oyster50,Control,3807.9223557714813
20251006,17,oyster51,Control,20320.20733398335
20251006,17,oyster52,Control,26344.54475059631
20251006,17,oyster53,Control,20850.795585700842
20251006,17,oyster54,Control,3969.8528977459137
20251006,17,oyster55,Control,9472.892977119947
20251006,17,oyster56,Control,22883.798012182982
20251006,17,oyster57,Control,14131.144273250735
20251006,17,oyster58,Control,14120.801279809093
20251006,17,oyster59,Control,26288.226006699668
20251006,17,oyster60,Control,16205.21835825668
20251006,17,oyster61,Control,35296.50265679468
20251006,17,oyster62,Control,24607.26083222803
20251006,17,oyster63,Control,17729.320377864715
20251006,17,oyster64,Control,16828.885597619097
20251006,17,oyster65,Control,22340.73477453619
20251006,17,oyster66,Control,48159.91812775523
20251006,17,oyster67,Control,17284.787444906484
20251006,17,oyster68,Control,26322.86800528656
20251006,17,oyster69,Control,12911.83092436241
20251006,17,oyster70,Control,21194.66610755933
20251006,17,oyster71,Control,18844.626466306
20251006,17,oyster72,Control,27997.24917456761
20251006,17,oyster73,Control,26554.56201827502
20251006,17,oyster74,Control,20292.353943651266
20251006,17,oyster75,Control,22853.529797312032
20251006,17,oyster76,Control,26329.744376098562
20251006,17,oyster77,Control,21577.92872572493
20251006,17,oyster78,Control,12982.55879771589
20251006,17,oyster79,Control,12188.39917425239
20251006,17,oyster80,Control,18276.137446692628
20251006,17,oyster81,Control,24855.590175762314
20251006,17,oyster82,Control,19458.194227872627
20251006,17,oyster83,Control,18577.59232964667
20251006,17,oyster84,Control,24008.767497289773
20251006,17,oyster85,Control,27074.365531539013
20251006,17,oyster86,Control,14462.467173993275
20251006,17,oyster87,Control,22420.060993120394
20251006,17,oyster88,Control,15062.128834814052
20251006,17,oyster89,Control,19707.76929679906
20251006,17,oyster90,Control,35721.97989316692
20251006,17,oyster91,Control,32107.20744612084
20251006,17,oyster92,Control,28142.67216703656
20251006,17,oyster93,Control,44869.79287779007
20251006,17,oyster94,Control,21448.57847237908
20251006,17,oyster95,Control,32431.127932618605
20251006,17,oyster96,Control,11591.789551909598
20251006,17,oyster97,Control,14414.167762849494
20251006,17,oyster98,Control,14876.321092039383
20251006,17,oyster99,Control,32628.9388304775
20251006,17,oyster100,Control,20400.747395090788
20251006,17,oyster101,Control,14808.272871996815
20251006,18,oyster1,Immune PolyIC,22168.90595604894
20251006,18,oyster2,Immune PolyIC,6781.128584416678
20251006,18,oyster3,Immune PolyIC,7283.478267732447
20251006,18,oyster4,Immune PolyIC,5359.7516926344215
20251006,18,oyster5,Immune PolyIC,13348.332247805542
20251006,18,oyster6,Immune PolyIC,22154.555856814644
20251006,18,oyster7,Immune PolyIC,9971.68977340941
20251006,18,oyster8,Immune PolyIC,16709.09060352041
20251006,18,oyster9,Immune PolyIC,6585.57248709825
20251006,18,oyster10,Immune PolyIC,6188.268275364626
20251006,18,oyster11,Immune PolyIC,6419.410498098428
20251006,18,oyster12,Immune PolyIC,22439.409154230947
20251006,18,oyster13,Immune PolyIC,9303.146904503708
20251006,18,oyster14,Immune PolyIC,16432.346633894333
20251006,18,oyster15,Immune PolyIC,16356.210749557205
20251006,18,oyster16,Immune PolyIC,17844.239326697498
20251006,18,oyster17,Immune PolyIC,9766.01091536213
20251006,18,oyster18,Immune PolyIC,14467.935571445552
20251006,18,oyster19,Immune PolyIC,20909.203509729276
20251006,18,oyster20,Immune PolyIC,22749.13608885643
20251006,18,oyster21,Immune PolyIC,15138.444076557294
20251006,18,oyster22,Immune PolyIC,12060.037733203411
20251006,18,oyster23,Immune PolyIC,13506.428513104656
20251006,18,oyster24,Immune PolyIC,20596.109955435153
20251006,18,oyster25,Immune PolyIC,6589.823617419595
20251006,18,oyster26,Immune PolyIC,10574.610479827395
20251006,18,oyster27,Immune PolyIC,14982.27924102945
20251006,18,oyster28,Immune PolyIC,13625.16866505079
20251006,18,oyster29,Immune PolyIC,17200.408502773207
20251006,18,oyster30,Immune PolyIC,12486.555177852846
20251006,18,oyster31,Immune PolyIC,19150.452300321776
20251006,18,oyster32,Immune PolyIC,902.1384533398432
20251006,18,oyster33,Immune PolyIC,9968.298499523553
20251006,18,oyster34,Immune PolyIC,24505.749807813
20251006,18,oyster35,Immune PolyIC,12452.174245572947
20251006,18,oyster36,Immune PolyIC,16526.247217505035
20251006,18,oyster37,Immune PolyIC,5860.851049221772
20251006,18,oyster38,Immune PolyIC,13277.9904961352
20251006,18,oyster39,Immune PolyIC,14774.00408348102
20251006,18,oyster40,Immune PolyIC,15591.868261637734
20251006,18,oyster41,Immune PolyIC,10967.921233514186
20251006,18,oyster42,Immune PolyIC,20529.770867636085
20251006,18,oyster43,Immune PolyIC,6996.237052585486
20251006,18,oyster44,Immune PolyIC,11590.94125308904
20251006,18,oyster45,Immune PolyIC,14040.288096608245
20251006,18,oyster46,Immune PolyIC,5605.913572348476
20251006,18,oyster47,Immune PolyIC,14101.705603123926
20251006,18,oyster48,Immune PolyIC,26264.28160404569
20251006,18,oyster49,Immune PolyIC,18252.468204548924
20251006,18,oyster50,Immune PolyIC,10484.6665980342
20251006,18,oyster51,Immune PolyIC,15558.152353975354
20251006,18,oyster52,Immune PolyIC,13245.931259218887
20251006,18,oyster53,Immune PolyIC,13060.917582453325
20251006,18,oyster54,Immune PolyIC,13780.218333763878
20251006,18,oyster55,Immune PolyIC,18853.847035733423
20251006,18,oyster56,Immune PolyIC,17991.23440053894
20251006,18,oyster57,Immune PolyIC,10512.0690214813
20251006,18,oyster58,Immune PolyIC,13981.000965332241
20251006,18,oyster59,Immune PolyIC,11390.155545888054
20251006,18,oyster60,Immune PolyIC,9677.533321530987
20251006,18,oyster61,Immune PolyIC,5999.56719629174
20251006,18,oyster62,Immune PolyIC,6434.5731242525035
20251006,18,oyster63,Immune PolyIC,6918.942213278566
20251006,18,oyster64,Immune PolyIC,8582.295177598011
20251006,18,oyster65,Immune PolyIC,8720.985274000792
20251006,18,oyster66,Immune PolyIC,6425.871654644561
20251006,18,oyster67,Immune PolyIC,11773.717801743005
20251006,18,oyster68,Immune PolyIC,16225.285332878913
20251006,18,oyster69,Immune PolyIC,17083.435342942394
20251006,18,oyster70,Immune PolyIC,12779.975421458912
20251006,18,oyster71,Immune PolyIC,6111.399282628048
20251006,18,oyster72,Immune PolyIC,8772.465927209232
20251006,18,oyster73,Immune PolyIC,16830.74972270788
20251006,18,oyster74,Immune PolyIC,22127.758969930983
20251006,18,oyster75,Immune PolyIC,16353.336456755722
20251006,18,oyster76,Immune PolyIC,22726.0677832215
20251006,18,oyster77,Immune PolyIC,8545.289675933891
20251006,18,oyster78,Immune PolyIC,24456.959814289505
20251006,18,oyster79,Immune PolyIC,17699.314021439146
20251006,18,oyster80,Immune PolyIC,11850.965087858327
20251006,18,oyster81,Immune PolyIC,22631.744459427988
20251006,18,oyster82,Immune PolyIC,6587.580009584861
20251006,18,oyster83,Immune PolyIC,11230.906183816332
20251006,18,oyster84,Immune PolyIC,11902.50796727911
20251006,18,oyster85,Immune PolyIC,7417.634697463593
20251006,18,oyster86,Immune PolyIC,31609.20577304891
20251006,18,oyster87,Immune PolyIC,8894.366399738923
20251006,19,oyster1,Control,22258.141488102912
20251006,19,oyster2,Control,28213.628620493488
20251006,19,oyster3,Control,21969.478115176382
20251006,19,oyster4,Control,19741.29750262849
20251006,19,oyster5,Control,26493.492121683674
20251006,19,oyster6,Control,19838.905677588555
20251006,19,oyster7,Control,19414.827006616928
20251006,19,oyster8,Control,19354.261812369907
20251006,19,oyster9,Control,17951.535371242127
20251006,19,oyster10,Control,12119.265627858971
20251006,19,oyster11,Control,41761.13692247404
20251006,19,oyster12,Control,38582.89430037477
20251006,19,oyster13,Control,24916.801325248016
20251006,19,oyster14,Control,27427.23152713552
20251006,19,oyster15,Control,36427.59937899073
20251006,19,oyster16,Control,13149.60888481218
20251006,19,oyster17,Control,27922.411433396228
20251006,19,oyster18,Control,31538.512444457432
20251006,19,oyster19,Control,28098.785556658877
20251006,19,oyster20,Control,11312.09270281954
20251006,19,oyster21,Control,39830.89011296665
20251006,19,oyster22,Control,27381.92445178177
20251006,19,oyster23,Control,35278.26691843256
20251006,19,oyster24,Control,25792.97934082899
20251006,19,oyster25,Control,33885.68897938378
20251006,19,oyster26,Control,20985.72614908075
20251006,19,oyster27,Control,15243.728217835327
20251006,19,oyster28,Control,84054.43881369242
20251006,19,oyster29,Control,25050.638815430808
20251006,19,oyster30,Control,17861.387408429153
20251006,19,oyster31,Control,6041.778910883077
20251006,19,oyster32,Control,29199.54934381636
20251006,19,oyster33,Control,23085.1955463391
20251006,19,oyster34,Control,11598.417951765041
20251006,19,oyster35,Control,14585.177733983743
20251006,19,oyster36,Control,7751.686023170616
20251006,19,oyster37,Control,14685.941900168633
20251006,19,oyster38,Control,19835.404317350592
20251006,19,oyster39,Control,11794.476135700319
20251006,19,oyster40,Control,16212.071274086185
20251006,19,oyster41,Control,18902.25545857301
20251006,19,oyster42,Control,33712.3580214163
20251006,19,oyster43,Control,10033.904994343822
20251006,19,oyster44,Control,14932.377479000286
20251006,19,oyster45,Control,12641.15787981142
20251006,19,oyster46,Control,16373.443896133474
20251006,19,oyster47,Control,33192.60187836746
20251006,19,oyster48,Control,20734.541008883993
20251006,19,oyster49,Control,12078.244908672154
20251006,19,oyster50,Control,21527.09467940435
20251006,19,oyster51,Control,14239.64705253693
20251006,19,oyster52,Control,9891.317619572568
20251006,19,oyster53,Control,22462.092560262055
20251006,19,oyster54,Control,19092.486430352605
20251006,19,oyster55,Control,20844.15141623769
20251006,19,oyster56,Control,12535.261222759931
20251006,19,oyster57,Control,15125.332950368378
20251006,19,oyster58,Control,24428.560081041018
20251006,19,oyster59,Control,34834.76793757582
20251006,19,oyster60,Control,32911.54438374554
20251006,19,oyster61,Control,21070.69639787192
20251006,19,oyster62,Control,20040.870248027044
20251006,19,oyster63,Control,35090.779648471995
20251006,19,oyster64,Control,22912.21201499748
20251006,19,oyster65,Control,19598.846197858446
20251006,19,oyster66,Control,27385.847225185775
20251006,19,oyster67,Control,20248.281248211504
20251006,19,oyster68,Control,21126.984661814044
20251006,19,oyster69,Control,17367.31733072314
20251006,19,oyster70,Control,12225.980655569998
20251006,19,oyster71,Control,12429.999457878017
20251006,19,oyster72,Control,15961.063887500146
20251006,19,oyster73,Control,11035.48830451919
20251006,19,oyster74,Control,20781.60190927404
20251006,19,oyster75,Control,17298.45368455752
20251006,19,oyster76,Control,13040.879026983719
20251006,19,oyster77,Control,16615.4904740204
20251006,19,oyster78,Control,21607.196545698156
20251006,19,oyster79,Control,3863.9133015047373
20251006,19,oyster80,Control,16026.109519360514
20251006,19,oyster81,Control,14685.742589615758
20251006,19,oyster82,Control,6837.900566918539
20251006,19,oyster83,Control,12747.264860304938
20251006,19,oyster84,Control,26162.57585659693
20251006,19,oyster85,Control,15800.42614459186
20251006,19,oyster86,Control,7242.742620095203
20251006,19,oyster87,Control,23247.987744057522
20251006,19,oyster88,Control,11740.79628823301
20251006,19,oyster89,Control,18951.26541808102
20251006,19,oyster90,Control,11711.282569475523
20251006,19,oyster91,Control,15415.483354372067
20251006,19,oyster92,Control,21557.44658649995
20251006,19,oyster93,Control,14406.555464234232
20251006,19,oyster94,Control,9562.191384459671
20251006,19,oyster95,Control,8713.162590517482
20251006,19,oyster96,Control,17539.80863427207
20251006,19,oyster97,Control,19466.10492920103
20251006,19,oyster98,Control,8894.157772704653
20251006,19,oyster99,Control,18228.65660483797
20251006,19,oyster100,Control,17266.21854107562
20251006,19,oyster101,Control,17723.013621996433
20251006,19,oyster102,Control,19751.244282133383
20251006,19,oyster103,Control,32128.201865959818
20251006,19,oyster104,Control,29090.442423335437
20251006,20,oyster1,Immune PolyIC,24902.1768374354
20251006,20,oyster2,Immune PolyIC,38685.64646794022
20251006,20,oyster3,Immune PolyIC,10452.42528823256
20251006,20,oyster4,Immune PolyIC,19491.58498554241
20251006,20,oyster5,Immune PolyIC,10273.090566801875
20251006,20,oyster6,Immune PolyIC,22668.98092830649
20251006,20,oyster7,Immune PolyIC,29576.190507886015
20251006,20,oyster8,Immune PolyIC,21656.335236611507
20251006,20,oyster9,Immune PolyIC,25913.549464957134
20251006,20,oyster10,Immune PolyIC,25440.310324561156
20251006,20,oyster11,Immune PolyIC,29709.17086279521
20251006,20,oyster12,Immune PolyIC,8014.758205282014
20251006,20,oyster13,Immune PolyIC,55692.92652408367
20251006,20,oyster14,Immune PolyIC,29415.74043182819
20251006,20,oyster15,Immune PolyIC,39231.329609633496
20251006,20,oyster16,Immune PolyIC,30003.643457746002
20251006,20,oyster17,Immune PolyIC,34684.305936594115
20251006,20,oyster18,Immune PolyIC,43267.94925638186
20251006,20,oyster19,Immune PolyIC,33946.30301226873
20251006,20,oyster20,Immune PolyIC,27641.85936837816
20251006,20,oyster21,Immune PolyIC,34168.497860790754
20251006,20,oyster22,Immune PolyIC,15464.50321817054
20251006,20,oyster23,Immune PolyIC,25963.018111143407
20251006,20,oyster24,Immune PolyIC,39821.5999489422
20251006,20,oyster25,Immune PolyIC,34513.93698596147
20251006,20,oyster26,Immune PolyIC,24468.378388578894
20251006,20,oyster27,Immune PolyIC,40707.406921584814
20251006,20,oyster28,Immune PolyIC,80681.93771830105
20251006,20,oyster29,Immune PolyIC,58304.32151222868
20251006,20,oyster30,Immune PolyIC,14666.566721887983
20251006,20,oyster31,Immune PolyIC,26930.400600617228
20251006,20,oyster32,Immune PolyIC,23350.084814717462
20251006,20,oyster33,Immune PolyIC,26051.399338144904
20251006,20,oyster34,Immune PolyIC,30696.902197877374
20251006,20,oyster35,Immune PolyIC,14749.678194323242
20251006,20,oyster36,Immune PolyIC,12023.282178815112
20251006,20,oyster37,Immune PolyIC,24605.571295196227
20251006,20,oyster38,Immune PolyIC,30434.75388276013
20251006,20,oyster39,Immune PolyIC,16346.318415645263
20251006,20,oyster40,Immune PolyIC,22501.426257195693
20251006,20,oyster41,Immune PolyIC,23991.123764584176
20251006,20,oyster42,Immune PolyIC,25688.524855186064
20251006,20,oyster43,Immune PolyIC,28396.98901490712
20251006,20,oyster44,Immune PolyIC,12199.044446271197
20251006,20,oyster45,Immune PolyIC,33865.020623299584
20251006,20,oyster46,Immune PolyIC,16304.429364143478
20251006,20,oyster47,Immune PolyIC,10738.384850540773
20251006,20,oyster48,Immune PolyIC,31470.40810750742
20251006,20,oyster49,Immune PolyIC,39252.35538020879
20251006,20,oyster50,Immune PolyIC,25354.78650003657
20251006,20,oyster51,Immune PolyIC,24433.492769702498
20251006,20,oyster52,Immune PolyIC,34187.595522002055
20251006,20,oyster53,Immune PolyIC,33386.661343652966
20251006,20,oyster54,Immune PolyIC,22979.431596407427
20251006,20,oyster55,Immune PolyIC,30631.621536678336
20251006,20,oyster56,Immune PolyIC,43808.9154750514
20251006,20,oyster57,Immune PolyIC,12971.588842465215
20251006,20,oyster58,Immune PolyIC,30139.404362877038
20251006,20,oyster60,Immune PolyIC,8625.762166179917
20251006,20,oyster61,Immune PolyIC,24714.01574970746
20251006,20,oyster62,Immune PolyIC,7601.4045197064115
20251006,20,oyster63,Immune PolyIC,24091.439454108244
20251006,20,oyster64,Immune PolyIC,29716.179093401457
20251006,20,oyster65,Immune PolyIC,29782.865075383444
20251006,20,oyster66,Immune PolyIC,22173.732373360443
20251006,20,oyster67,Immune PolyIC,18355.62631616331
20251006,20,oyster68,Immune PolyIC,17749.114338640735
20251006,20,oyster69,Immune PolyIC,9880.285661580492
20251006,20,oyster70,Immune PolyIC,12373.670209010663
20251006,20,oyster71,Immune PolyIC,5692.621230745648
20251006,20,oyster72,Immune PolyIC,18020.48557356371
20251006,20,oyster73,Immune PolyIC,27667.237840532267
20251006,20,oyster74,Immune PolyIC,29683.272677003995
20251006,20,oyster75,Immune PolyIC,31101.38410198954
20251006,20,oyster76,Immune PolyIC,30636.68460961582
20251006,20,oyster77,Immune PolyIC,26741.78590256731
20251006,20,oyster78,Immune PolyIC,38509.62670262887
20251006,20,oyster79,Immune PolyIC,38073.9157940498
20251006,20,oyster80,Immune PolyIC,29952.106241811343
20251006,20,oyster81,Immune PolyIC,18991.925784899962
20251006,20,oyster82,Immune PolyIC,22089.285009227584
20251006,20,oyster83,Immune PolyIC,34890.90798609425
20251006,20,oyster84,Immune PolyIC,12484.558767072187
20251006,20,oyster85,Immune PolyIC,33887.58766116985
20251006,20,oyster86,Immune PolyIC,19298.633997416342
20251006,20,oyster87,Immune PolyIC,30017.12337101836
20251006,20,oyster88,Immune PolyIC,37977.39593442325
20251006,20,oyster89,Immune PolyIC,47043.103358990746
20251006,20,oyster90,Immune PolyIC,35833.17873925692
20251006,20,oyster91,Immune PolyIC,14143.364790887128
20251006,20,oyster92,Immune PolyIC,26405.569129536132
20251006,20,oyster93,Immune PolyIC,10540.785569434105
20251006,20,oyster94,Immune PolyIC,36710.795442028786
20251006,20,oyster95,Immune PolyIC,37930.242514402424
20251006,20,oyster96,Immune PolyIC,23473.81016174485
20251006,20,oyster97,Immune PolyIC,5780.651635349524
20251006,20,oyster98,Immune PolyIC,16847.59303689676
20251006,20,oyster99,Immune PolyIC,41439.33520320174
20260531,13,1,Immune PolyIC,27712.84838455732
20260531,13,2,Immune PolyIC,29812.11103863128
20260531,13,3,Immune PolyIC,22070.03708571136
20260531,13,4,Immune PolyIC,26529.482125739283
20260531,13,5,Immune PolyIC,29792.668729414712
20260531,13,6,Immune PolyIC,23877.99136023398
20260531,13,7,Immune PolyIC,28588.8915947376
20260531,13,8,Immune PolyIC,10397.653724522468
20260531,13,9,Immune PolyIC,24356.71647164457
20260531,13,10,Immune PolyIC,33481.924683078905
20260531,13,11,Immune PolyIC,16447.218785444107
20260531,13,12,Immune PolyIC,20326.248557199448
20260531,13,13,Immune PolyIC,6883.335918068737
20260531,13,14,Immune PolyIC,16600.153821182328
20260531,13,15,Immune PolyIC,29003.7788682815
20260531,13,16,Immune PolyIC,17193.726629380566
20260531,13,17,Immune PolyIC,19272.998581279448
20260531,13,18,Immune PolyIC,26343.367439305388
20260531,13,19,Immune PolyIC,23287.48750226124
20260531,13,20,Immune PolyIC,24205.144168035455
20260531,13,21,Immune PolyIC,22358.110903775312
20260531,13,22,Immune PolyIC,27934.856274804624
20260531,13,23,Immune PolyIC,11667.214019853425
20260531,13,24,Immune PolyIC,14720.229999440955
20260531,13,25,Immune PolyIC,28158.656116081926
20260531,13,26,Immune PolyIC,39369.03120766472
20260531,13,27,Immune PolyIC,6728.432637508649
20260531,13,28,Immune PolyIC,10027.972937343802
20260531,13,29,Immune PolyIC,10190.927508879424
20260531,13,30,Immune PolyIC,8897.429622932406
20260531,13,31,Immune PolyIC,9778.818859347237
20260531,13,32,Immune PolyIC,5902.176098610038
20260531,13,33,Immune PolyIC,11117.883566304095
20260531,13,34,Immune PolyIC,18335.894928913345
20260531,13,35,Immune PolyIC,39953.87126742397
20260531,13,36,Immune PolyIC,6617.913824120271
20260531,13,37,Immune PolyIC,6082.315471097547
20260531,13,38,Immune PolyIC,6528.872436010937
20260531,13,39,Immune PolyIC,7964.125943500487
20260531,13,40,Immune PolyIC,20439.724943102512
20260531,13,41,Immune PolyIC,19901.132889945686
20260531,13,42,Immune PolyIC,8620.312914551134
20260531,13,43,Immune PolyIC,10294.524353244033
20260531,13,44,Immune PolyIC,7763.692178462807
20260531,13,45,Immune PolyIC,24323.50586069656
20260531,13,46,Immune PolyIC,16032.75905705541
20260531,13,47,Immune PolyIC,22593.46827384834
20260531,13,48,Immune PolyIC,12144.531003400327
20260531,13,49,Immune PolyIC,6001.84841068718
20260531,13,50,Immune PolyIC,9404.798483334293
20260531,13,51,Immune PolyIC,6421.731187803351
20260531,13,52,Immune PolyIC,5893.975186029242
20260531,13,53,Immune PolyIC,21919.37705096104
20260531,13,54,Immune PolyIC,25797.087614222342
20260531,13,55,Immune PolyIC,15961.769223733674
20260531,13,56,Immune PolyIC,18091.349774362578
20260531,13,57,Immune PolyIC,25043.48300213957
20260531,13,58,Immune PolyIC,7116.868551626438
20260531,13,59,Immune PolyIC,26230.317162754618
20260531,13,60,Immune PolyIC,33458.96311643823
20260531,13,61,Immune PolyIC,26280.71955697881
20260531,13,62,Immune PolyIC,7269.0223054379385
20260531,13,63,Immune PolyIC,33600.31978364059
20260531,13,64,Immune PolyIC,8630.560131646842
20260531,13,65,Immune PolyIC,21248.22248542827
20260531,13,66,Immune PolyIC,19285.31146704391
20260531,13,67,Immune PolyIC,19182.201544202697
20260531,13,68,Immune PolyIC,17458.14210090587
20260531,13,69,Immune PolyIC,29310.566239029482
20260531,13,70,Immune PolyIC,41560.920727225304
20260531,13,71,Immune PolyIC,36337.10835802316
20260531,13,72,Immune PolyIC,15373.754694877272
20260531,13,73,Immune PolyIC,29027.641670947392
20260531,13,74,Immune PolyIC,12832.986554840514
20260531,13,75,Immune PolyIC,24980.20248190521
20260531,13,76,Immune PolyIC,17459.60471877845
20260531,13,77,Immune PolyIC,16544.08891029378
20260531,13,78,Immune PolyIC,36578.87776298019
20260531,13,79,Immune PolyIC,9473.194237806489
20260531,13,80,Immune PolyIC,18519.933698239292
20260531,13,81,Immune PolyIC,18060.51304957133
20260531,13,82,Immune PolyIC,46789.87353283832
20260531,13,83,Immune PolyIC,29437.620919332323
20260531,14,1,Control,8319.73060740604
20260531,14,2,Control,7294.336587847451
20260531,14,3,Control,20401.543661599484
20260531,14,4,Control,29826.77946083693
20260531,14,5,Control,19096.349433944466
20260531,14,6,Control,22089.98580723183
20260531,14,7,Control,10568.670916779629
20260531,14,8,Control,10771.031416739257
20260531,14,9,Control,27544.641714641715
20260531,14,10,Control,31564.98661928728
20260531,14,11,Control,13253.22957334164
20260531,14,12,Control,9813.428468732433
20260531,14,13,Control,28319.969789791983
20260531,14,14,Control,8451.52102036828
20260531,14,15,Control,13124.358819593836
20260531,14,16,Control,8513.17661070323
20260531,14,17,Control,7794.8137601361705
20260531,14,18,Control,6545.367629317305
20260531,14,19,Control,13529.628463025285
20260531,14,20,Control,7129.296455491174
20260531,14,21,Control,8785.993313142382
20260531,14,22,Control,13234.840587673483
20260531,14,23,Control,6546.138162908501
20260531,14,24,Control,7200.891050976021
20260531,14,25,Control,6689.152709235739
20260531,14,26,Control,11873.745833717003
20260531,14,27,Control,8594.37211628832
20260531,14,28,Control,31815.7266489314
20260531,14,29,Control,23805.968496312722
20260531,14,30,Control,21504.59673481791
20260531,14,31,Control,29708.8598987987
20260531,14,32,Control,6668.339253402484
20260531,14,33,Control,11626.029891140359
20260531,14,34,Control,6907.426253896876
20260531,14,35,Control,6932.4965523022
20260531,14,36,Control,10940.024050556058
20260531,14,37,Control,10578.375468509563
20260531,14,38,Control,15128.687575032833
20260531,14,39,Control,9244.192269280218
20260531,14,40,Control,34181.811207126164
20260531,14,41,Control,26783.922464344687
20260531,14,42,Control,10846.148393863696
20260531,14,43,Control,14562.404737503392
20260531,14,44,Control,54724.129530059785
20260531,14,45,Control,19131.951718080098
20260531,14,46,Control,12221.051056543918
20260531,14,47,Control,23638.041768988354
20260531,14,48,Control,22944.600407119666
20260531,14,49,Control,20779.68108684195
20260531,14,50,Control,15001.281912329097
20260531,14,51,Control,27737.847698272875
20260531,14,52,Control,15990.23237258097
20260531,14,53,Control,16555.12818957697
20260531,14,54,Control,18987.984569055247
20260531,14,55,Control,31671.413788562175
20260531,14,56,Control,16546.8254311102
20260531,14,57,Control,15932.688411710049
20260531,14,58,Control,21358.798459700287
20260531,14,59,Control,28907.543611429508
20260531,14,60,Control,17630.385375822123
20260531,14,61,Control,13798.65689329354
20260531,14,62,Control,10193.440327454311
20260531,14,63,Control,22186.048031271588
20260531,14,64,Control,25247.70755785548
20260531,14,65,Control,46110.86328179617
20260531,14,66,Control,9085.268288707302
20260531,14,67,Control,12093.519261602472
20260531,14,68,Control,19975.87626841048
20260531,14,69,Control,18582.18851735651
20260531,14,70,Control,21713.630442039714
20260531,14,71,Control,40149.651388477774
20260531,14,72,Control,23267.67432131635
20260531,14,73,Control,22557.97902050648
20260531,14,74,Control,33920.5670698898
20260531,14,75,Control,27670.441044497595
20260531,14,76,Control,14131.054311637381
20260531,14,77,Control,10507.344321319317
20260531,14,78,Control,31551.240533823497
20260531,14,79,Control,23936.464309180505
20260531,14,80,Control,24801.47365795559
20260531,14,81,Control,9369.724461423684
20260531,14,82,Control,16873.083774099985
20260531,14,83,Control,9701.455788343163
20260531,14,84,Control,41614.77052477682
20260531,14,85,Control,10901.88442095321
20260531,14,86,Control,22249.1478931608
20260531,15,1,Control,14222.990229850286
20260531,15,2,Control,10480.60559711355
20260531,15,3,Control,31462.032802986476
20260531,15,4,Control,11186.961883810822
20260531,15,5,Control,6732.404534593501
20260531,15,6,Control,23562.5164911991
20260531,15,7,Control,16977.292566561882
20260531,15,8,Control,31313.50240331982
20260531,15,9,Control,26760.3412356973
20260531,15,10,Control,35328.816281832565
20260531,15,11,Control,12243.120047121483
20260531,15,12,Control,25066.277118241866
20260531,15,13,Control,61303.17927113945
20260531,15,14,Control,22288.079570038164
20260531,15,15,Control,24689.199128086388
20260531,15,16,Control,7826.451240297509
20260531,15,17,Control,14270.23279139609
20260531,15,18,Control,8360.74691757993
20260531,15,19,Control,16649.847341786794
20260531,15,20,Control,26626.315839952433
20260531,15,21,Control,6298.469447945121
20260531,15,22,Control,14736.525737897755
20260531,15,23,Control,8735.104888766502
20260531,15,24,Control,14608.01038516996
20260531,15,25,Control,9731.617947908588
20260531,15,26,Control,10307.302130463191
20260531,15,27,Control,6592.291687252346
20260531,15,28,Control,34982.0404526128
20260531,15,29,Control,32113.386493050697
20260531,15,30,Control,6679.595944395813
20260531,15,31,Control,20264.466902916647
20260531,15,32,Control,11595.507783070265
20260531,15,33,Control,29041.78136582343
20260531,15,34,Control,18560.451904956688
20260531,15,35,Control,36715.76506693805
20260531,15,36,Control,13474.631703906409
20260531,15,37,Control,16877.497122759793
20260531,15,38,Control,48076.952704106676
20260531,15,39,Control,16344.960788604316
20260531,15,40,Control,43196.961034118605
20260531,15,41,Control,19075.52237145375
20260531,15,42,Control,21157.480644362426
20260531,15,43,Control,33231.785739672225
20260531,15,44,Control,11088.861838990371
20260531,15,45,Control,12905.003188425304
20260531,15,46,Control,11010.24033152704
20260531,15,47,Control,31027.892399561744
20260531,15,48,Control,12928.767927754001
20260531,15,49,Control,19931.381125392072
20260531,15,50,Control,8984.17057640988
20260531,15,51,Control,6888.555331434236
20260531,15,52,Control,18955.06262165591
20260531,15,53,Control,13822.17864521806
20260531,15,54,Control,6705.791794785126
20260531,15,55,Control,11912.185224466106
20260531,15,56,Control,6929.574847920434
20260531,15,57,Control,22007.280984671568
20260531,15,58,Control,7241.525170152665
20260531,15,59,Control,22116.628887511404
20260531,15,60,Control,19052.23535389771
20260531,15,61,Control,27524.503097594286
20260531,15,62,Control,15690.848346415332
20260531,15,63,Control,32370.481352440933
20260531,15,64,Control,35068.8453608148
20260531,15,65,Control,18023.228580157585
20260531,15,66,Control,8207.545567699606
20260531,15,67,Control,15323.76583262749
20260531,15,68,Control,12493.275976560551
20260531,15,69,Control,17891.269297298968
20260531,15,70,Control,6761.641351293736
20260531,15,71,Control,30604.476946375762
20260531,15,72,Control,28937.837839759304
20260531,15,73,Control,33579.45482549116
20260531,15,74,Control,15849.78155817234
20260531,15,75,Control,12179.652030825302
20260531,15,76,Control,31659.674290466646
20260531,15,77,Control,21410.65317093097
20260531,15,78,Control,20669.98408602798
20260531,15,79,Control,40062.89064867651
20260531,15,80,Control,6574.337315189241
20260531,15,81,Control,45589.28508303143
20260531,15,82,Control,23552.33900178907
20260531,15,83,Control,7425.125982265301
20260531,15,84,Control,25413.273894417944
20260531,15,85,Control,19251.80362718073
20260531,15,86,Control,30453.988186854942
20260531,15,87,Control,23609.229412781737
20260531,15,88,Control,32659.39983037782
20260531,16,1,Immune PolyIC,22551.56470392427
20260531,16,2,Immune PolyIC,34612.3995808068
20260531,16,3,Immune PolyIC,29607.078396734883
20260531,16,4,Immune PolyIC,27320.06622918397
20260531,16,5,Immune PolyIC,59629.619428956255
20260531,16,6,Immune PolyIC,28726.37109730491
20260531,16,7,Immune PolyIC,16660.599391925454
20260531,16,8,Immune PolyIC,10840.219363074124
20260531,16,9,Immune PolyIC,47445.74096210602
20260531,16,10,Immune PolyIC,34626.71267312248
20260531,16,11,Immune PolyIC,16776.803543306807
20260531,16,12,Immune PolyIC,18031.038496833316
20260531,16,13,Immune PolyIC,23538.4756571846
20260531,16,14,Immune PolyIC,6919.349577769361
20260531,16,15,Immune PolyIC,5459.9798491311485
20260531,16,16,Immune PolyIC,22297.300978906955
20260531,16,17,Immune PolyIC,15215.845646445581
20260531,16,18,Immune PolyIC,5360.888695244663
20260531,16,19,Immune PolyIC,14855.483436424598
20260531,16,20,Immune PolyIC,24724.4041777585
20260531,16,21,Immune PolyIC,10998.643863419078
20260531,16,22,Immune PolyIC,46922.82457260505
20260531,16,23,Immune PolyIC,35483.371769170786
20260531,16,24,Immune PolyIC,20652.117838086793
20260531,16,25,Immune PolyIC,16025.01295465706
20260531,16,26,Immune PolyIC,12397.819049389225
20260531,16,27,Immune PolyIC,50375.420284388514
20260531,16,28,Immune PolyIC,8888.867899748268
20260531,16,29,Immune PolyIC,33052.26663101441
20260531,16,30,Immune PolyIC,36418.27892415879
20260531,16,31,Immune PolyIC,18384.065043833216
20260531,16,32,Immune PolyIC,11114.94970910297
20260531,16,33,Immune PolyIC,23442.023028355958
20260531,16,34,Immune PolyIC,37293.5924098842
20260531,16,35,Immune PolyIC,26001.751271280482
20260531,16,36,Immune PolyIC,17294.802084683964
20260531,16,37,Immune PolyIC,22806.789417425593
20260531,16,38,Immune PolyIC,20289.74415715426
20260531,16,39,Immune PolyIC,42023.9819502879
20260531,16,40,Immune PolyIC,15592.719428201424
20260531,16,41,Immune PolyIC,18322.58099532665
20260531,16,42,Immune PolyIC,16271.10582639763
20260531,16,43,Immune PolyIC,50937.920940411146
20260531,16,44,Immune PolyIC,31857.403203338457
20260531,16,45,Immune PolyIC,7780.2894720043405
20260531,16,46,Immune PolyIC,17028.74039280074
20260531,16,47,Immune PolyIC,11145.185273290095
20260531,16,48,Immune PolyIC,5802.741479904427
20260531,16,49,Immune PolyIC,9467.183073216594
20260531,16,50,Immune PolyIC,7323.953775699805
20260531,16,51,Immune PolyIC,5299.801695411323
20260531,16,52,Immune PolyIC,8936.948070477581
20260531,16,53,Immune PolyIC,11500.147058278111
20260531,16,54,Immune PolyIC,30740.22377246509
20260531,16,55,Immune PolyIC,6330.854602957912
20260531,16,56,Immune PolyIC,9451.52467674538
20260531,16,57,Immune PolyIC,22459.60345362879
20260531,16,58,Immune PolyIC,7247.327144121991
20260531,16,59,Immune PolyIC,9996.692718487968
20260531,16,60,Immune PolyIC,7065.152993631316
20260531,16,61,Immune PolyIC,24172.373100843717
20260531,16,62,Immune PolyIC,29594.770076793982
20260531,16,63,Immune PolyIC,22682.029023991985
20260531,16,64,Immune PolyIC,29583.18419759695
20260531,16,65,Immune PolyIC,11242.362186959232
20260531,16,66,Immune PolyIC,14679.33861943896
20260531,16,67,Immune PolyIC,40997.19251512572
20260531,16,68,Immune PolyIC,34322.79482589495
20260531,16,69,Immune PolyIC,11384.542681974199
20260531,16,70,Immune PolyIC,9881.382709111153
20260531,16,71,Immune PolyIC,37727.92906838567
20260531,16,72,Immune PolyIC,35274.235209045655
20260531,16,73,Immune PolyIC,45859.037403751136
20260531,16,74,Immune PolyIC,8077.999438391529
20260531,16,75,Immune PolyIC,17357.19731130579
20260531,16,76,Immune PolyIC,57397.194448259426
20260531,16,77,Immune PolyIC,10926.081742695518
20260531,16,78,Immune PolyIC,24580.617063406688
20260531,16,79,Immune PolyIC,37394.35576914436
20260531,16,80,Immune PolyIC,34070.788321142965
20260531,16,81,Immune PolyIC,29717.421917097614
20260531,16,82,Immune PolyIC,21236.81727555416
20260531,16,83,Immune PolyIC,8636.936984252367
20260531,16,84,Immune PolyIC,18665.098216154234
20260531,16,85,Immune PolyIC,7215.181542979139
20260531,16,86,Immune PolyIC,35083.71069442872
20260531,16,87,Immune PolyIC,35500.49515040013
20260531,16,88,Immune PolyIC,7017.9476806979965
20260531,16,89,Immune PolyIC,14606.622689596836
20260531,16,90,Immune PolyIC,35168.82460728121
20260531,16,91,Immune PolyIC,18179.116163601844
20260531,16,92,Immune PolyIC,34910.53502090427
20260531,16,93,Immune PolyIC,25593.799920143196
20260531,16,94,Immune PolyIC,36734.609417232874
20260531,16,95,Immune PolyIC,33519.023157531374
20260531,16,96,Immune PolyIC,50152.941979879935
20260531,16,97,Immune PolyIC,28029.566956014583
20260531,16,98,Immune PolyIC,22182.280813255682
20260531,16,99,Immune PolyIC,20882.075993076134
20260531,16,100,Immune PolyIC,14665.168638013914
20260531,16,101,Immune PolyIC,42277.884974683606
20260531,16,102,Immune PolyIC,52808.98219017428
20260531,17,1,Control,12693.092855847091
20260531,17,2,Control,22448.54128891984
20260531,17,3,Control,19299.872113838712
20260531,17,4,Control,24970.436227107646
20260531,17,5,Control,22457.342454881604
20260531,17,6,Control,27096.98668098422
20260531,17,7,Control,26659.396286858617
20260531,17,8,Control,12703.749147709343
20260531,17,9,Control,57263.46047360124
20260531,17,10,Control,32120.19309217138
20260531,17,11,Control,20593.267263248417
20260531,17,12,Control,10163.763038354722
20260531,17,13,Control,25629.469326280247
20260531,17,14,Control,32752.442302407384
20260531,17,15,Control,33093.98516582963
20260531,17,16,Control,30146.97748965575
20260531,17,17,Control,10249.779099614694
20260531,17,18,Control,24453.215283977435
20260531,17,19,Control,41091.45149061521
20260531,17,20,Control,32895.49432495902
20260531,17,21,Control,7811.935144820305
20260531,17,22,Control,45265.222766636216
20260531,17,23,Control,6421.86058640798
20260531,17,24,Control,38992.441081308316
20260531,17,25,Control,10265.979201387367
20260531,17,26,Control,19651.91524600901
20260531,17,27,Control,30482.013692049957
20260531,17,28,Control,9334.379766652892
20260531,17,29,Control,52303.59065714301
20260531,17,30,Control,20362.160473474025
20260531,17,31,Control,27391.099541865522
20260531,17,32,Control,20389.942145356858
20260531,17,33,Control,6484.429417468014
20260531,17,34,Control,21167.137195848947
20260531,17,35,Control,11326.48647592625
20260531,17,36,Control,16162.705818526098
20260531,17,37,Control,9308.100858501839
20260531,17,38,Control,7759.912532993814
20260531,17,39,Control,10009.444962916103
20260531,17,40,Control,19993.924637387245
20260531,17,41,Control,22563.948374356973
20260531,17,42,Control,31087.374668845296
20260531,17,43,Control,6705.443166639594
20260531,17,44,Control,6966.879366478766
20260531,17,45,Control,19280.755519175895
20260531,17,46,Control,22128.47336095493
20260531,17,47,Control,15869.838686068651
20260531,17,48,Control,18688.634044512197
20260531,17,49,Control,49445.31876720434
20260531,17,50,Control,15487.666895632588
20260531,17,51,Control,9818.33685492826
20260531,17,52,Control,7825.920247386392
20260531,17,53,Control,7038.877070619961
20260531,17,54,Control,15755.70203839249
20260531,17,55,Control,39524.80815702816
20260531,17,56,Control,43507.425750889095
20260531,17,57,Control,28285.26972043403
20260531,17,58,Control,44227.39909525209
20260531,17,59,Control,7314.554199527014
20260531,17,60,Control,29569.123750579725
20260531,17,61,Control,31617.64313223285
20260531,17,62,Control,22442.138639945057
20260531,17,63,Control,24476.353804600163
20260531,17,64,Control,29423.180496627596
20260531,17,65,Control,16049.040844127288
20260531,17,66,Control,22567.527825853933
20260531,17,67,Control,33128.76792016711
20260531,17,68,Control,24863.71186597056
20260531,17,69,Control,34801.28523663591
20260531,17,70,Control,39731.21954359214
20260531,17,71,Control,43950.1298545534
20260531,17,72,Control,51582.940885245334
20260531,17,73,Control,21126.48658235636
20260531,17,74,Control,6171.569193236242
20260531,17,75,Control,17473.147518575577
20260531,17,76,Control,25788.060525562207
20260531,17,78,Control,11139.565882803268
20260531,17,79,Control,33454.0328699161
20260531,17,80,Control,22163.49693446688
20260531,17,81,Control,35623.495181427636
20260531,17,82,Control,33274.0019730279
20260531,17,83,Control,17915.2319064435
20260531,17,84,Control,43087.52798622282
20260531,17,85,Control,22918.116254114124
20260531,17,86,Control,32013.03269010996
20260531,17,87,Control,42414.547633423674
20260531,17,88,Control,17615.221727068514
20260531,17,89,Control,28544.906528706902
20260531,17,90,Control,29035.433842297803
20260531,17,91,Control,33954.992138310474
20260531,17,92,Control,10618.699980153484
20260531,17,93,Control,28098.35503156059
20260531,17,94,Control,17531.91672494143
20260531,17,95,Control,35455.21948192619
20260531,17,96,Control,21346.435906704777
20260531,17,97,Control,15504.16193445307
20260531,18,1,Immune PolyIC,15172.803326558475
20260531,18,2,Immune PolyIC,21591.46025648551
20260531,18,3,Immune PolyIC,34543.66411752857
20260531,18,4,Immune PolyIC,18786.725401548727
20260531,18,5,Immune PolyIC,21700.176959975135
20260531,18,6,Immune PolyIC,14844.99815567406
20260531,18,7,Immune PolyIC,15530.555654678617
20260531,18,8,Immune PolyIC,20315.716033138808
20260531,18,9,Immune PolyIC,31296.01602528149
20260531,18,10,Immune PolyIC,28936.940078074287
20260531,18,11,Immune PolyIC,21532.21278765246
20260531,18,12,Immune PolyIC,34816.33307557697
20260531,18,13,Immune PolyIC,8745.437589279332
20260531,18,14,Immune PolyIC,26065.086972798854
20260531,18,15,Immune PolyIC,13051.791632348577
20260531,18,16,Immune PolyIC,26165.816940781064
20260531,18,17,Immune PolyIC,6602.929381664533
20260531,18,18,Immune PolyIC,26878.305440354132
20260531,18,19,Immune PolyIC,16432.485430831315
20260531,18,20,Immune PolyIC,11168.786261110741
20260531,18,21,Immune PolyIC,15037.605426893228
20260531,18,22,Immune PolyIC,9649.826973699404
20260531,18,23,Immune PolyIC,7178.5322304516885
20260531,18,24,Immune PolyIC,6488.480549978893
20260531,18,25,Immune PolyIC,39793.08176722202
20260531,18,26,Immune PolyIC,18777.892613613738
20260531,18,27,Immune PolyIC,18917.08449374802
20260531,18,28,Immune PolyIC,14830.606209080324
20260531,18,29,Immune PolyIC,23337.348194109953
20260531,18,30,Immune PolyIC,23072.592849319022
20260531,18,31,Immune PolyIC,9057.381879335066
20260531,18,32,Immune PolyIC,7803.085127518352
20260531,18,33,Immune PolyIC,18026.075835961892
20260531,18,34,Immune PolyIC,6001.768956229294
20260531,18,35,Immune PolyIC,11619.151841466904
20260531,18,36,Immune PolyIC,18266.210587185087
20260531,18,37,Immune PolyIC,5134.642284501337
20260531,18,38,Immune PolyIC,17552.256408714697
20260531,18,39,Immune PolyIC,12650.042072424905
20260531,18,40,Immune PolyIC,12950.842748792667
20260531,18,41,Immune PolyIC,22955.3178972351
20260531,18,42,Immune PolyIC,6747.4691675226095
20260531,18,43,Immune PolyIC,24464.820665241168
20260531,18,44,Immune PolyIC,8829.571192852593
20260531,18,45,Immune PolyIC,26763.35275386586
20260531,18,46,Immune PolyIC,37692.35654963382
20260531,18,47,Immune PolyIC,20042.887788329797
20260531,18,48,Immune PolyIC,17373.26747642055
20260531,18,49,Immune PolyIC,10795.179998760206
20260531,18,50,Immune PolyIC,21877.597422548162
20260531,18,51,Immune PolyIC,6884.449169675321
20260531,18,52,Immune PolyIC,6492.506076446574
20260531,18,53,Immune PolyIC,8852.23197550774
20260531,18,54,Immune PolyIC,8587.018383239967
20260531,18,55,Immune PolyIC,12618.547166274424
20260531,18,56,Immune PolyIC,6877.927375884836
20260531,18,57,Immune PolyIC,12377.81316986672
20260531,18,58,Immune PolyIC,11120.538504299671
20260531,18,59,Immune PolyIC,33181.4277597779
20260531,18,60,Immune PolyIC,8317.921904938506
20260531,18,61,Immune PolyIC,10838.77153385865
20260531,18,62,Immune PolyIC,16796.86617843405
20260531,18,63,Immune PolyIC,22200.56647889626
20260531,18,64,Immune PolyIC,30656.51813361964
20260531,18,65,Immune PolyIC,7541.926751048457
20260531,18,66,Immune PolyIC,19616.46094418421
20260531,18,67,Immune PolyIC,10859.043322641119
20260531,18,68,Immune PolyIC,15919.9185378263
20260531,18,69,Immune PolyIC,14740.377263351671
20260531,18,70,Immune PolyIC,8749.84300232836
20260531,18,71,Immune PolyIC,30813.68817202261
20260531,18,72,Immune PolyIC,27937.51331303519
20260531,18,73,Immune PolyIC,13702.163783162177
20260531,18,74,Immune PolyIC,16482.146065571338
20260531,18,75,Immune PolyIC,8278.72965656918
20260531,18,76,Immune PolyIC,28396.12355150583
20260531,18,77,Immune PolyIC,7789.239262320021
20260531,18,78,Immune PolyIC,7320.463405013721
20260531,18,79,Immune PolyIC,18644.939782242982
20260531,18,80,Immune PolyIC,23854.53961882434
20260531,18,81,Immune PolyIC,35899.71031305613
20260531,18,82,Immune PolyIC,23089.911089536377
20260531,18,83,Immune PolyIC,34452.32871048416
20260531,19,1,Control,41631.508120133425
20260531,19,2,Control,15990.422152559877
20260531,19,3,Control,21055.001022865676
20260531,19,4,Control,31204.22899343405
20260531,19,5,Control,35823.384314587995
20260531,19,6,Control,23046.979660988363
20260531,19,7,Control,36454.25635055622
20260531,19,8,Control,11866.319418860417
20260531,19,9,Control,10526.408055737797
20260531,19,10,Control,46965.96381472015
20260531,19,11,Control,7174.79953603162
20260531,19,12,Control,16389.097033805883
20260531,19,13,Control,7079.775756641429
20260531,19,14,Control,35444.9605850097
20260531,19,15,Control,21185.241907766933
20260531,19,16,Control,45778.99130478105
20260531,19,17,Control,42593.771956558594
20260531,19,18,Control,8788.533946750093
20260531,19,19,Control,44378.26503549191
20260531,19,20,Control,11122.889319504517
20260531,19,21,Control,35338.60960843196
20260531,19,22,Control,23365.255383060263
20260531,19,23,Control,32624.899732018413
20260531,19,24,Control,24954.871341257254
20260531,19,25,Control,28709.590316409165
20260531,19,26,Control,12331.206677278285
20260531,19,27,Control,13843.183456909435
20260531,19,28,Control,16694.597487761508
20260531,19,29,Control,28722.225141184994
20260531,19,30,Control,16033.373091308684
20260531,19,31,Control,22482.820589778006
20260531,19,32,Control,17526.510939661435
20260531,19,33,Control,28907.425854820744
20260531,19,34,Control,22040.57553651352
20260531,19,35,Control,14006.396480168522
20260531,19,36,Control,41488.91410189546
20260531,19,37,Control,31625.550547210318
20260531,19,38,Control,48540.20547575921
20260531,19,39,Control,9311.16837161074
20260531,19,40,Control,11229.596002910912
20260531,19,41,Control,15644.705524276433
20260531,19,42,Control,10194.952253031202
20260531,19,43,Control,6930.898538706777
20260531,19,44,Control,42797.779367101655
20260531,19,45,Control,20856.78451643692
20260531,19,46,Control,29147.19845471547
20260531,19,47,Control,19593.629533658073
20260531,19,48,Control,40557.4558824464
20260531,19,49,Control,26125.695433575864
20260531,19,50,Control,25496.503423195587
20260531,19,51,Control,10679.988135993473
20260531,19,52,Control,28139.261900000427
20260531,19,53,Control,17064.290432601032
20260531,19,54,Control,19174.218571331854
20260531,19,55,Control,22752.353434731922
20260531,19,56,Control,14614.090282809986
20260531,19,57,Control,7329.917428122524
20260531,19,58,Control,23394.94289764172
20260531,19,59,Control,15529.00316906059
20260531,19,60,Control,21637.703262527437
20260531,19,61,Control,16725.059066151698
20260531,19,62,Control,9501.266573742145
20260531,19,63,Control,7475.004075351193
20260531,19,64,Control,43146.702110763385
20260531,19,65,Control,17494.565932573343
20260531,19,66,Control,36048.371675295464
20260531,19,67,Control,30502.008128612833
20260531,19,68,Control,6040.270590098411
20260531,19,69,Control,19276.42257056843
20260531,19,70,Control,66103.6315887069
20260531,19,71,Control,20918.28824347564
20260531,19,72,Control,28711.242654206377
20260531,19,73,Control,13757.529299865535
20260531,19,74,Control,10083.072023275447
20260531,19,75,Control,33795.11021860985
20260531,19,76,Control,28255.307531605606
20260531,19,77,Control,13461.961803181395
20260531,19,78,Control,14611.092894092682
20260531,19,79,Control,16004.456903949671
20260531,19,80,Control,16155.818175404434
20260531,19,81,Control,29073.2582291331
20260531,19,82,Control,21224.998201168368
20260531,19,83,Control,22083.528427641635
20260531,19,84,Control,61026.39889889948
20260531,19,85,Control,12166.258959363666
20260531,19,86,Control,16109.866440183403
20260531,19,87,Control,27195.582823522418
20260531,19,88,Control,10667.564193262435
20260531,19,89,Control,52860.00265629531
20260531,19,90,Control,11742.784566513074
20260531,19,91,Control,13802.05140375076
20260531,19,92,Control,29169.049831476135
20260531,19,93,Control,26545.76769350251
20260531,19,94,Control,40488.4201264319
20260531,19,95,Control,30555.024958304188
20260531,19,96,Control,15179.902819704112
20260531,19,97,Control,23004.513528505813
20260531,19,98,Control,22456.488055839523
20260531,19,99,Control,29095.21711632408
20260531,19,100,Control,6589.426258855947
20260531,19,101,Control,27084.70953538856
20260531,20,1,Immune PolyIC,34965.982795826945
20260531,20,2,Immune PolyIC,54646.92568771119
20260531,20,3,Immune PolyIC,52011.8508288782
20260531,20,4,Immune PolyIC,14911.670300571226
20260531,20,5,Immune PolyIC,34661.72993894658
20260531,20,6,Immune PolyIC,33369.76741281996
20260531,20,7,Immune PolyIC,87193.45670023508
20260531,20,8,Immune PolyIC,36426.33750310478
20260531,20,9,Immune PolyIC,19711.54934142241
20260531,20,10,Immune PolyIC,17814.17887046095
20260531,20,11,Immune PolyIC,30865.92993850875
20260531,20,12,Immune PolyIC,20408.903856936282
20260531,20,13,Immune PolyIC,15532.669586371529
20260531,20,14,Immune PolyIC,33290.373125653976
20260531,20,15,Immune PolyIC,28489.701603351612
20260531,20,16,Immune PolyIC,17581.10048309192
20260531,20,17,Immune PolyIC,20927.718203616118
20260531,20,18,Immune PolyIC,31433.452403470037
20260531,20,19,Immune PolyIC,37728.042552055646
20260531,20,20,Immune PolyIC,71673.22933973884
20260531,20,21,Immune PolyIC,33682.46524598795
20260531,20,22,Immune PolyIC,59974.98617817585
20260531,20,23,Immune PolyIC,26153.76501220344
20260531,20,24,Immune PolyIC,14342.40151476788
20260531,20,25,Immune PolyIC,47172.1889005572
20260531,20,26,Immune PolyIC,60009.2511314673
20260531,20,27,Immune PolyIC,19895.46457226942
20260531,20,28,Immune PolyIC,42456.08863938813
20260531,20,29,Immune PolyIC,39836.81094077041
20260531,20,30,Immune PolyIC,32864.984037872375
20260531,20,31,Immune PolyIC,38329.964649602756
20260531,20,32,Immune PolyIC,28175.552601013012
20260531,20,33,Immune PolyIC,35805.61894774372
20260531,20,34,Immune PolyIC,36405.828078216226
20260531,20,35,Immune PolyIC,13368.84819519944
20260531,20,36,Immune PolyIC,32450.211844239748
20260531,20,37,Immune PolyIC,20152.015252757454
20260531,20,38,Immune PolyIC,32190.897335104615
20260531,20,39,Immune PolyIC,46968.69751979035
20260531,20,40,Immune PolyIC,39804.30995400733
20260531,20,41,Immune PolyIC,32955.19517398706
20260531,20,42,Immune PolyIC,26597.057762678895
20260531,20,43,Immune PolyIC,15376.23368734165
20260531,20,44,Immune PolyIC,16080.398427438377
20260531,20,45,Immune PolyIC,52856.07670894914
20260531,20,46,Immune PolyIC,37268.89546979581
20260531,20,47,Immune PolyIC,28432.720646377216
20260531,20,48,Immune PolyIC,30200.34354695618
20260531,20,49,Immune PolyIC,28594.490561700695
20260531,20,50,Immune PolyIC,30809.979288540817
20260531,20,51,Immune PolyIC,28123.17933968283
20260531,20,52,Immune PolyIC,39991.439251763026
20260531,20,53,Immune PolyIC,22472.516336734647
20260531,20,54,Immune PolyIC,27980.393777920886
20260531,20,55,Immune PolyIC,36588.23303901759
20260531,20,56,Immune PolyIC,52284.14215722191
20260531,20,57,Immune PolyIC,44253.87527950927
20260531,20,58,Immune PolyIC,21654.68680738743
20260531,20,59,Immune PolyIC,28243.00795637814
20260531,20,60,Immune PolyIC,45553.11442103888
20260531,20,61,Immune PolyIC,39660.905255806785
20260531,20,62,Immune PolyIC,22103.272464900212
20260531,20,63,Immune PolyIC,71968.62055139257
20260531,20,64,Immune PolyIC,9550.554379240406
20260531,20,65,Immune PolyIC,49191.992330943176
20260531,20,66,Immune PolyIC,24371.367149412792
20260531,20,67,Immune PolyIC,26573.09866378639
20260531,20,68,Immune PolyIC,15470.680497579517
20260531,20,69,Immune PolyIC,40427.609837253854
20260531,20,70,Immune PolyIC,60572.94211456686
20260531,20,71,Immune PolyIC,36308.600772367354
20260531,20,72,Immune PolyIC,46594.492587876215
20260531,20,73,Immune PolyIC,22177.146309063464
20260531,20,74,Immune PolyIC,20296.24026252044
20260531,20,75,Immune PolyIC,67205.49308081028
20260531,20,76,Immune PolyIC,26838.876463554196
20260531,20,77,Immune PolyIC,35036.64577862408
20260531,20,78,Immune PolyIC,35948.953525684796
20260531,20,79,Immune PolyIC,19735.097828720965
20260531,20,80,Immune PolyIC,40259.12200169216
20260531,20,81,Immune PolyIC,37576.96451598952
20260531,20,82,Immune PolyIC,38932.11040693385
20260531,20,83,Immune PolyIC,34447.919766620966
20260531,20,84,Immune PolyIC,41206.19683121873
20260531,20,85,Immune PolyIC,49469.329181425055
20260531,20,86,Immune PolyIC,17505.43555305124
20260531,20,87,Immune PolyIC,41964.79430956853
20260531,20,88,Immune PolyIC,15206.670928345527
20260531,20,89,Immune PolyIC,58689.04051954002
20260531,20,90,Immune PolyIC,24688.709238675576
20260531,20,91,Immune PolyIC,9197.195179309078
20260531,20,92,Immune PolyIC,47428.66254218605
20260531,20,93,Immune PolyIC,48569.867594243784
20260531,20,94,Immune PolyIC,39783.75124720211
20260531,20,95,Immune PolyIC,41105.58825959919
20260531,20,96,Immune PolyIC,50281.899995635424
20260531,20,97,Immune PolyIC,7206.996074954466
20260531,20,98,Immune PolyIC,9363.294605633993
